Object,feature_1,feature_2,feature_3,feature_4,feature_5
Object 1,3.185427026,2.274135512,0.850603814,2.740480456,-0.605275059
Object 2,2.093338752,-2.055174142,4.175402915,7.881584971,-1.837637576
Object 3,5.006975774,-0.430365765,3.9179496,10.38959622,-14.01183945
Object 4,0.284306527,3.376595378,3.018230469,-2.183930369,-1.400380025
Object 5,1.891101291,2.3745633,0.49000921,0.676885062,-3.636160941
Object 6,-6.224059766,-10.2570502,9.369160687,5.684847788,11.41202585
Object 7,7.95593076,-1.142359358,-2.61764771,5.430816822,-7.951227452
Object 8,-0.736828538,1.220612528,7.244116697,0.089599072,-4.45036939
Object 9,-11.13867869,-9.296688534,8.229655577,7.950756,6.364797681
Object 10,9.059957951,3.606262657,1.822928586,6.31286958,-8.405276065
Object 11,-8.196641743,-8.065628096,8.387727347,1.050634783,6.513037486
Object 12,-7.128839747,-8.016616958,6.964747025,2.938346747,9.532787794
Object 13,1.07005823,1.576047622,5.074598511,8.201426087,-1.469627354
Object 14,1.290293295,-4.146490996,5.200025329,10.35527165,-2.501400829
Object 15,-9.430107828,-10.48937418,4.614625712,6.957954425,5.993212334
Object 16,-0.390609455,5.038877119,2.435890637,-0.805794735,2.118543187
Object 17,2.886323827,-2.231715991,9.743839177,10.36154471,-1.436745449
Object 18,9.769960126,1.473264827,0.036508335,5.356718629,-9.260398906
Object 19,2.439289079,-1.74184289,5.676773684,9.044804107,-2.304690088
Object 20,7.560535068,-0.601497196,0.815825725,9.986975793,-7.713041377
Object 21,0.99727012,7.875528315,2.309091707,1.701642387,2.239397381
Object 22,3.13175769,2.05013571,0.593912016,0.127904042,-1.338200835
Object 23,7.173285704,2.055112453,3.969319006,8.721555982,-12.40688025
Object 24,-3.071343459,0.513619347,11.45172364,10.14653216,-1.94571163
Object 25,-5.105028079,-8.711893059,5.018674754,7.054144219,8.308301313
Object 26,-0.944738685,2.717552602,-2.521972559,1.40063249,-5.559717269
Object 27,-10.82242083,-8.755348807,7.767370503,7.035957826,6.628236241
Object 28,-8.82466491,-14.25084014,1.761941929,4.131405164,9.16703665
Object 29,-4.570014053,-9.053450087,8.925292165,2.086471283,8.814512454
Object 30,2.749435668,-0.409207558,9.68432806,10.26648561,-0.306903244
Object 31,4.968846224,1.327835844,2.349782108,10.0347151,-8.437261226
Object 32,-6.225359221,-10.20937797,7.787812167,1.304643676,7.79037681
Object 33,3.333829221,3.943937656,-0.086237722,3.006567114,-2.333257907
Object 34,2.847288782,-0.765847846,10.09102728,11.0355174,-0.265191234
Object 35,-5.905709413,-11.86796176,7.662998134,4.239086479,5.906410291
Object 36,9.312215178,0.487131667,1.254614543,4.612789191,-10.49948997
Object 37,-9.511189494,-6.797718286,9.259972313,6.077605656,9.439213428
Object 38,9.0431534,0.994037454,0.502443423,3.987445495,-11.22474508
Object 39,4.933937092,-2.260569767,4.26279485,7.380370109,-5.490210104
Object 40,-7.499693349,-11.95286531,8.170388553,6.669095044,8.47431206
Object 41,-6.535467465,-12.97762757,5.271534052,8.420919868,9.412446377
Object 42,-5.766660907,-8.201889303,6.523292873,3.447454369,6.461798412
Object 43,-7.419469984,-9.776132191,9.067146884,5.740295414,11.81985414
Object 44,7.017954712,-0.374550478,-2.064367423,9.737837502,-8.320169795
Object 45,1.728582722,-1.760171113,7.139367256,7.708521276,-1.080932311
Object 46,-10.42340227,-8.831934704,7.632903082,7.203768015,6.685311628
Object 47,3.372574162,1.98024332,9.852654589,10.32844998,-3.779027032
Object 48,-8.208387542,-5.616245896,5.906060285,5.845208482,5.516612016
Object 49,3.128346535,-1.431574591,7.89799511,9.089030981,0.379715782
Object 50,5.429738334,-2.240471168,-0.208678236,8.171688156,-9.54769968
Object 51,6.512961036,-1.961998831,8.926774663,9.574891623,-2.842111196
Object 52,4.481645084,1.566104447,5.078003599,6.493250791,-9.518371553
Object 53,1.46515699,7.10647699,1.234503934,1.955550897,-1.034608436
Object 54,6.280312401,-3.736814352,2.661060251,12.15381131,-10.13983857
Object 55,6.684306106,-3.185069202,1.757545341,10.89188887,-7.525715426
Object 56,2.961219432,1.575207686,0.245516302,7.805198988,-7.093376883
Object 57,-2.284126615,5.229351838,0.240670793,1.001554452,-0.068722889
Object 58,-8.956796055,-10.93714908,4.739236893,6.759013431,6.486694177
Object 59,3.132664686,-0.814582005,4.418024724,-0.366143856,-1.199046868
Object 60,-8.061089519,-11.94447694,5.549534075,4.862988963,8.831809931
Object 61,5.414123134,3.219487167,-1.22311128,7.474575391,-9.146074385
Object 62,-7.811592468,-15.3806717,7.33112884,4.939036628,5.448400971
Object 63,-8.725146827,-9.799242265,6.354242585,6.959327504,9.106539294
Object 64,3.878731254,-3.184627903,9.498162132,10.24920058,-4.170471004
Object 65,10.50932008,-0.207742812,0.688343504,11.55947516,-8.693841236
Object 66,2.897769318,1.227758097,5.754261555,8.642048963,-1.084262405
Object 67,2.487750656,3.225522054,0.555886832,0.963281155,-6.692497279
Object 68,2.205979275,3.832207467,9.688576618,10.38941897,-4.565068731
Object 69,7.165679336,0.585130997,4.454234898,8.940744792,-12.33390447
Object 70,8.082944231,5.167660728,1.014190805,10.97443989,-11.75098399
Object 71,-3.064423444,-8.786986229,7.869040776,5.856257455,8.099396174
Object 72,6.690556976,1.691835029,-2.111592387,7.758364548,-10.39734349
Object 73,1.78566099,4.686689071,3.81628992,-0.010497065,-1.355000066
Object 74,4.937935163,-0.185571779,1.055302295,6.510411785,-11.77083406
Object 75,2.190493422,2.207446514,0.334742618,1.55426625,-2.329499623
Object 76,-7.242553394,-13.92296317,7.26944241,5.939362059,6.895487028
Object 77,-8.84153523,-5.60037947,5.643290964,6.123292019,7.96957127
Object 78,3.99620481,-1.07590209,12.21725604,11.2405276,-2.502399532
Object 79,6.97194556,0.348924304,1.86415172,6.09022149,-9.366746259
Object 80,0.164386624,5.752524337,4.825790615,0.291467153,-0.644838199
Object 81,4.650684535,4.941095653,2.239991634,7.849566066,-9.722716903
Object 82,-1.568846192,7.341306001,-0.287053401,2.426658566,-2.063649484
Object 83,-6.343796899,-9.036253912,7.215789938,7.394341895,5.822522451
Object 84,-1.899312869,7.032851024,0.676369152,-0.40692354,-2.569282638
Object 85,6.821404286,1.231625325,9.712630288,7.234752911,-1.306045161
Object 86,-1.255523893,5.837113691,2.767853156,-2.639413241,-0.815940428
Object 87,0.909236837,-3.244639231,5.089374914,7.137771188,1.191362631
Object 88,5.720929093,-0.931388081,5.551657177,6.651314469,-5.39701173
Object 89,6.469300482,3.589032295,2.884299512,9.375703734,-10.60665738
Object 90,-3.374981687,-9.630202223,8.476960966,8.042452014,6.253508164
Object 91,2.547877732,4.188848291,1.272833417,2.779498889,-0.716495853
Object 92,-9.828746791,-10.7201353,2.775682075,5.945453492,6.613037117
Object 93,4.063136296,2.556980622,6.2841318,8.897075734,-4.402665076
Object 94,2.823863199,4.038651298,1.4772571,-3.099615291,-3.818904866
Object 95,1.051249781,-1.317205867,7.980815814,8.86158716,-3.086263462
Object 96,-1.222531503,4.900263676,4.708039315,-0.49147206,-1.826173094
Object 97,6.239097381,-4.08146274,2.231054419,6.896406367,-3.538848729
Object 98,6.198700319,2.468975974,0.958122135,11.53298223,-9.722235666
Object 99,-0.98138964,3.425408284,2.41794438,-0.107969741,3.298003346
Object 100,-9.466895598,-12.41341398,4.690193679,5.893501155,7.366951254
Object 101,4.652181424,2.743081136,2.09689854,9.249710181,-9.151915398
Object 102,1.685640015,-0.315675688,11.26512323,7.608883142,-1.986491345
Object 103,6.25496364,-0.792295566,-0.0581508,9.999533073,-7.394980654
Object 104,-7.199561511,-8.763704197,7.52056294,5.407919089,8.298580948
Object 105,6.619249417,-0.731074615,-0.708699348,6.957637747,-6.087386322
Object 106,-7.432217176,-8.542847891,8.40824525,7.770683024,6.979827884
Object 107,3.422545124,-2.029851767,10.25516027,6.461045667,-5.540646683
Object 108,1.290690267,-2.291538795,7.689220724,6.678495898,-2.98103954
Object 109,3.228060596,1.511399696,1.683103866,9.15199663,-4.420925506
Object 110,2.736908488,0.831035998,2.946905363,9.787980833,-7.89922964
Object 111,-5.47173914,-12.34966919,10.67488328,5.09212839,8.783812022
Object 112,-0.506058067,-1.155985657,5.918711055,9.111631984,-3.738887695
Object 113,4.407846781,-2.9465594,3.02192596,10.0742673,-10.33064249
Object 114,8.84810222,-0.208254397,1.948439843,6.758869063,-6.345297717
Object 115,4.271531444,1.773618151,0.34873811,7.135040488,-8.999279914
Object 116,2.275364387,-2.225388216,8.50105645,11.30075631,-1.317831571
Object 117,5.24982341,0.190824173,3.715355331,10.59191634,-11.80612486
Object 118,-6.196822751,-6.494190849,4.4619458,6.034376735,8.18418117
Object 119,5.756392353,0.620103722,5.052449477,11.0112679,-1.962807094
Object 120,-4.971795537,-10.47908348,7.021026591,6.005316825,5.746615902
Object 121,6.957400581,-1.941293943,0.695373693,8.103917021,-9.961318462
Object 122,2.550370801,0.400980665,5.209760667,12.10300348,-2.01821711
Object 123,-6.100271434,-10.44807268,5.982293247,5.266549876,4.691073728
Object 124,0.865564983,3.77591263,2.760900734,0.592114813,-4.124277458
Object 125,4.855535924,2.104981328,-0.857254242,8.897164986,-9.266114564
Object 126,-10.77160685,-14.23288203,6.821072761,4.967788514,6.722177214
Object 127,1.732595118,2.528215832,-1.906325415,0.201839361,-1.214206075
Object 128,0.841718861,1.666995588,1.313859515,-0.993567931,-3.392385835
Object 129,1.109304523,4.908731123,0.786623334,0.172181328,-2.871824909
Object 130,0.257163755,2.677494763,-1.397297683,1.252515944,-2.330465886
Object 131,3.229541923,2.143924311,-0.239669783,0.02202357,-2.522968915
Object 132,0.891927176,3.730012943,1.932014717,0.683053107,-2.96611279
Object 133,-11.73151311,-11.97654352,6.070170616,4.721922313,10.95495052
Object 134,-8.131495295,-11.33892248,7.376318332,4.977710827,8.64388602
Object 135,-9.459244079,-9.329757517,2.312448056,3.330017266,6.261506954
Object 136,-8.50665004,-9.934922735,5.732457861,7.276202609,10.65368452
Object 137,2.685437382,-5.135169477,8.852058387,10.43999122,-0.477960087
Object 138,-11.22236593,-9.51525102,9.391201216,5.508845158,8.077951289
Object 139,1.924665842,1.42451659,7.595377771,10.19619296,-2.424131936
Object 140,-10.16139736,-7.19009633,6.812249441,3.222612715,8.639328613
Object 141,-5.794861833,-10.17200511,9.168790785,6.710647416,5.446493683
Object 142,-0.247106695,3.238948014,4.989870198,13.11790472,-6.561281654
Object 143,6.832669313,1.190305188,2.088287007,9.137200692,-8.966206602
Object 144,-0.698405592,-0.425587289,6.868960931,9.278397575,-0.250997133
Object 145,2.616765753,5.230047986,2.61345905,1.57547191,2.51518311
Object 146,-7.861239929,-10.03079209,5.081767467,6.915952388,9.514671293
Object 147,-1.324470628,-4.925948982,11.76898796,8.88078728,-2.158003263
Object 148,1.289283154,4.7681494,0.860635384,0.4218202,-4.375025831
Object 149,-8.148291237,-8.690833215,9.881989669,3.309453308,6.680074728
Object 150,0.907785517,6.496481019,1.586835919,0.202762355,-2.689440967
Object 151,-8.267097329,-6.10029559,8.768312034,6.773577736,5.099031693
Object 152,4.348045682,-0.212545737,-0.290667505,8.691172482,-12.39091459
Object 153,0.542370939,5.194573829,1.270489525,-5.19462245,-0.44028023
Object 154,7.059862332,-0.588524195,2.64889462,4.880155077,-7.07707964
Object 155,5.34433725,-0.97945255,-2.009872988,9.117954867,-7.1120891
Object 156,1.514318225,5.353623055,4.590090831,1.896660127,-1.651010265
Object 157,8.317099202,0.266102424,-0.117447179,8.394480379,-10.48031473
Object 158,-5.527536007,-11.33750983,8.640201383,6.875676341,9.179270071
Object 159,-0.102639188,3.752446258,0.63581159,4.375409015,0.461884769
Object 160,-6.582380661,-9.922468933,8.299507895,7.404399601,7.761768179
Object 161,3.891912913,-2.92651458,9.815702783,6.54373875,-2.374909441
Object 162,6.03662245,-0.199387552,0.067307191,8.153767955,-11.68216111
Object 163,2.803796526,0.505197773,4.181637259,8.466878596,-0.432358576
Object 164,-8.536489877,-10.07750554,8.72060767,4.978215771,5.731544229
Object 165,2.710472078,2.590112529,1.272801427,12.43105678,-6.694650219
Object 166,4.331362781,1.197305574,-1.322518665,3.898017235,-7.116093826
Object 167,5.503243195,-0.232314184,4.851460367,7.360061551,-5.457081722
Object 168,0.594963091,3.514088299,1.519800448,-1.358359003,-0.966020603
Object 169,-9.336284226,-12.10820665,2.509349736,5.865607894,9.489221865
Object 170,1.518495671,6.393834078,3.253346574,0.216278972,-4.053249837
Object 171,5.779103844,0.928033313,-2.876010047,7.893595737,-9.316109719
Object 172,3.029839696,-0.036238579,-2.066939557,9.322093312,-11.40092546
Object 173,-9.743718968,-7.811696887,7.580142441,6.798456712,12.39307709
Object 174,0.76116008,0.874944565,5.465685126,5.662751833,-0.670397613
Object 175,2.827655654,-1.090012327,9.536521383,7.595006829,-4.354717792
Object 176,-6.326694668,-10.99604901,6.341381821,5.655857852,4.544892141
Object 177,5.125270176,-0.447194406,6.12005477,9.544164536,-2.240837912
Object 178,-10.96713643,-10.637831,10.4187252,5.293442917,7.536531281
Object 179,3.489907315,0.70887882,5.616504908,8.178219009,-0.999235331
Object 180,-8.986284167,-10.02938047,5.201832817,2.775596118,8.877653601
Object 181,7.89713897,0.704879356,0.918110225,8.185134926,-8.891885773
Object 182,1.210451823,5.372189669,2.691037716,1.767279575,-0.446715092
Object 183,9.615308168,-0.042723304,1.57040131,6.493131605,-10.65301316
Object 184,2.129451712,3.887189816,2.847280947,-1.288459358,-4.509419199
Object 185,4.310422842,-0.783715815,3.530386375,11.18256532,-9.405828447
Object 186,3.835640729,2.16565912,-0.037539336,8.599923789,-9.21420327
Object 187,7.472179507,0.85889021,2.660550491,9.381510377,-8.98919994
Object 188,1.614169261,-4.797745405,6.888738165,8.866113867,-1.231455889
Object 189,5.613953822,0.567141821,13.1966017,8.871638182,-4.328867216
Object 190,4.321449006,-1.101684911,6.911672385,8.020274764,1.090503542
Object 191,-6.826997036,-10.51978712,8.478810922,4.053830043,6.33028868
Object 192,0.639841633,5.059607531,4.703985021,0.553262075,-0.066200432
Object 193,0.88132361,-2.557396045,8.249894802,10.44039506,3.52702286
Object 194,3.807444986,0.79652887,6.839036778,8.410426528,-2.889132834
Object 195,2.711456758,-3.351036572,8.328757926,10.48924023,-4.010434518
Object 196,-9.596556776,-9.504890198,7.411939684,4.612007055,6.901250364
Object 197,-8.474931089,-6.180204535,6.051024681,6.794678287,6.844021487
Object 198,7.034474248,-0.958868244,-0.311369032,12.13309629,-10.15334431
Object 199,4.440354617,0.992566487,2.879204572,8.713061172,-10.48916435
Object 200,1.495269542,-2.02456416,7.71560401,7.673427964,-2.771321183
Object 201,5.439019951,-1.449042782,7.034762386,6.328609353,-0.504765775
Object 202,-6.785083047,-11.57804315,6.902746134,5.709440445,7.688117434
Object 203,-8.601786226,-7.176862227,6.780512295,3.435575086,7.241867953
Object 204,1.767370272,-4.946517229,10.65536429,6.533536206,-0.772248561
Object 205,5.746712347,-1.375578752,4.675598956,3.60923147,-4.498022944
Object 206,2.707922859,1.48657419,4.524771939,9.580544132,-5.50011675
Object 207,5.216894943,0.975244335,1.012306954,6.200347808,-7.745171058
Object 208,-9.556646979,-8.32706303,6.842402236,2.196721405,8.088335241
Object 209,2.788359395,2.581335957,5.875397428,0.361656918,0.078008778
Object 210,-9.597460567,-9.291303671,2.771330117,3.382117684,9.404084372
Object 211,-2.683210743,4.377798771,3.591072337,2.077423301,-2.254621633
Object 212,1.673431318,-4.293791956,8.949388257,5.596901731,-1.025095057
Object 213,-8.650528495,-10.74560773,8.153361985,4.034330961,5.465988823
Object 214,-1.440877229,3.819747668,5.091789862,0.128372814,-2.4145762
Object 215,-7.445588966,-10.54974466,6.993593314,3.4675734,3.187848541
Object 216,6.532507886,0.526278872,-1.763926246,7.277248073,-7.536290353
Object 217,2.84916153,4.233596974,4.585423198,1.320657685,-2.936746718
Object 218,5.041453284,-1.134707259,3.880641885,8.99392623,-10.52391467
Object 219,1.192895662,-0.003217494,6.573076132,10.41017305,-2.996793153
Object 220,3.37340867,-0.435914835,2.985558401,9.6044765,-10.77547476
Object 221,2.97050604,4.364990976,1.915984365,1.000813545,0.207649244
Object 222,1.510371817,4.225221691,-0.280919474,1.944216981,-1.869996676
Object 223,1.423957205,4.963033292,4.627235536,-2.116333136,-0.173982548
Object 224,1.898691995,0.948907522,7.58132569,10.9001597,-1.384588434
Object 225,4.239464934,5.059305667,2.535001733,1.215581008,-1.141176102
Object 226,6.511719306,-1.656933649,6.939630339,8.875825087,0.508558321
Object 227,1.000734046,7.442306557,3.43612557,2.491007877,-2.842756198
Object 228,-5.936177717,-8.228636413,6.658617748,6.871921861,6.500403409
Object 229,3.964405739,-2.323422512,8.033869741,12.42585316,-1.326513143
Object 230,2.718193643,2.547846094,4.647567256,2.130582285,-0.453710972
Object 231,-7.006763649,-6.244628538,6.072004649,5.105144189,10.44953583
Object 232,-8.723446921,-9.007254763,5.050383212,3.081748454,7.622720281
Object 233,6.354165752,-0.896471944,0.004231546,8.345355974,-5.373551577
Object 234,3.753483428,-3.728688448,9.635568501,12.87773967,-2.74773983
Object 235,8.457355014,0.541040295,0.714313949,8.984383745,-10.0844434
Object 236,7.33655137,-1.220327482,3.03598705,12.43369439,-7.633699524
Object 237,9.347458048,1.873979264,0.59681498,7.57077334,-8.20533762
Object 238,3.016615502,2.919687632,5.12802163,1.470351038,-0.309216344
Object 239,-8.901926812,-12.5333638,8.593040885,3.612050543,9.119227237
Object 240,5.483768051,3.021064678,3.413886031,4.967470526,-11.96409031
Object 241,2.591372364,-1.42116634,6.974536192,11.57201398,-1.736140916
Object 242,7.596950655,0.401152146,1.896233009,12.75898561,-5.785580661
Object 243,4.894363409,-2.276061675,6.297761696,6.935063715,-0.12416209
Object 244,2.169629621,-1.275158713,9.466403954,10.09445879,-1.369229923
Object 245,-1.63021543,5.514027496,3.846379493,0.63384638,-0.717380389
Object 246,1.43760868,-2.379251387,8.787522783,4.957118082,0.305932413
Object 247,-8.209153674,-7.354703751,4.392642452,8.742981002,9.357703166
Object 248,3.994541468,-1.53314661,7.434753056,5.845162978,-1.343881448
Object 249,4.482717374,-0.248535662,1.66746816,9.900190182,-9.236734222
Object 250,2.761217853,3.459157679,2.26469558,1.35377031,-1.12394412
Object 251,7.025347075,1.467605271,1.353365588,4.900060241,-8.61792442
Object 252,9.852937884,-0.401731067,1.851402929,10.26694289,-8.855078234
Object 253,-10.59507465,-11.48012493,5.722541702,5.314266276,9.506587105
Object 254,2.870774014,3.993767141,3.283426262,2.742077003,-0.774052951
Object 255,-8.125711648,-11.34289332,4.536889111,3.768660958,4.535836367
Object 256,7.149864954,-6.902302881,3.308044812,10.86224355,-10.82868427
Object 257,8.898037605,0.506353946,2.942614226,9.804368316,-8.842420659
Object 258,-11.20388177,-11.12582639,2.679076361,6.11214226,7.773604486
Object 259,-2.085336916,4.717168351,3.117352535,1.375954821,1.268888509
Object 260,2.618099078,-3.260329491,6.192360364,6.176746564,-1.267220345
Object 261,7.635948572,2.360626608,0.250638531,8.166968132,-11.50275552
Object 262,4.135806945,-4.431151526,7.841904449,7.158307914,-3.443139687
Object 263,6.16432622,0.00163549,2.784461758,6.636037575,-8.031819937
Object 264,5.096973689,-0.6825531,-1.325493864,10.02800887,-9.746960524
Object 265,-10.98450203,-11.31269394,5.039275362,3.214887761,5.504151276
Object 266,3.257638181,-1.066603921,6.872674768,12.06738581,0.664260431
Object 267,1.368964324,-1.038441445,8.103285861,8.048003732,-3.976826272
Object 268,-7.61255856,-6.380615366,3.047576694,3.052999226,7.374175446
Object 269,1.860142554,-0.900832069,8.968550647,9.565864102,-1.333715707
Object 270,-7.77163436,-10.39730147,4.609277206,4.623086386,8.857806007
Object 271,-5.114487903,-7.441002288,8.274576264,1.100059742,7.19823793
Object 272,-1.957246457,0.981593344,7.86295699,5.583852883,-3.053395893
Object 273,-4.755576321,-10.43243437,5.612682375,3.716249082,5.401686023
Object 274,0.929423869,6.462176784,-1.95316391,1.651416702,-2.618327961
Object 275,1.121238318,0.355847703,4.142396052,10.48152869,-5.590336829
Object 276,3.332423755,-0.632790625,8.153960952,5.3561573,-5.224011751
Object 277,4.363909325,-0.690078924,0.57399298,8.517367846,-8.534853507
Object 278,2.32036306,-3.452716157,7.786361168,7.601543075,-4.215356801
Object 279,4.425613628,-3.024632197,7.392311219,10.12176045,-4.029315369
Object 280,-8.392164003,-10.16245207,4.253361016,5.405065664,9.043988978
Object 281,-6.856699332,-10.02617852,8.458573821,-0.45173939,2.73930845
Object 282,2.519851181,5.950795635,6.38173942,3.570719559,-2.265267689
Object 283,-0.010369688,3.218064375,2.887367614,-1.414701204,0.03549219
Object 284,3.338600995,-1.260110586,10.56758015,12.38348327,-1.104517171
Object 285,1.675716866,2.220888575,5.638881153,10.41848192,-4.05360073
Object 286,-9.432164139,-6.945895508,8.333693867,6.085347382,8.989126262
Object 287,2.576865977,3.685558438,1.588334198,4.363106034,-0.1579018
Object 288,-5.947361137,-8.254848673,4.543505263,3.831867736,8.865213559
Object 289,4.002926244,5.410051456,1.9638596,1.338678971,-3.58677458
Object 290,1.958636231,-1.850445348,8.909435845,8.445647232,-4.525019567
Object 291,0.212252167,3.855269459,1.450768061,0.147369427,-3.979296397
Object 292,1.927143636,1.169456572,3.046068815,9.003165622,-8.645271797
Object 293,7.288850502,0.500087782,1.271692436,9.032198576,-8.718991833
Object 294,2.898567788,-4.842585006,6.230953672,9.659682316,0.263514555
Object 295,-9.792078372,-14.33487864,6.131277223,5.82104912,4.984910095
Object 296,2.018877575,5.527641713,-0.62772593,1.851460398,-1.23000485
Object 297,5.84637839,-1.519902348,3.175300958,6.821050082,-9.631765518
Object 298,0.014215842,8.911620723,-0.064764124,0.625764259,0.746878712
Object 299,-8.041320859,-10.12583182,7.571322095,5.616892124,5.228835892
Object 300,2.961596978,-1.163177627,10.89732472,9.458150681,-2.529186246
Object 301,6.921407641,0.85787533,0.672799964,7.466775683,-9.193542276
Object 302,4.703298567,-2.195463889,8.442772963,11.34116918,1.487515628
Object 303,-6.648202558,-9.085967361,8.815700416,5.761271745,7.615875539
Object 304,4.936426479,1.559840505,3.091941603,11.06002184,-10.17468436
Object 305,-6.769888083,-11.04600946,4.533345763,4.919209669,8.226754907
Object 306,-6.808124631,-8.268893718,4.5766343,6.257093059,7.904304942
Object 307,-7.479024325,-12.08152066,6.706594864,11.52308736,2.66263606
Object 308,-5.61123139,-11.4512822,10.46559428,3.49878523,7.045519998
Object 309,-6.486411787,-13.46967487,6.353428887,7.390904336,6.884453246
Object 310,-9.632008051,-8.179887734,6.608574439,4.388697891,6.114540367
Object 311,3.044820376,2.168997499,1.130967689,9.503634104,-11.22032953
Object 312,-7.649320673,-7.709084577,7.253353655,7.577002669,8.369603541
Object 313,-9.145820134,-8.102004385,5.377518504,7.306652011,8.149243539
Object 314,1.750831029,-0.207341131,0.010253834,0.974924764,-4.840334218
Object 315,1.973650628,6.399731639,2.623826863,4.383001221,-1.972115375
Object 316,7.28601145,5.903351822,1.177269162,9.814352782,-8.185738656
Object 317,-5.175548055,-12.52746071,6.513219801,9.455234024,9.353006454
Object 318,5.76183338,-0.335529048,6.778118698,9.057247536,-3.812903032
Object 319,1.854355994,3.864705271,-0.11280572,1.601223881,-0.768432946
Object 320,2.817716978,-2.935486988,9.135543962,8.544915592,-1.853806482
Object 321,6.082737337,4.252059771,1.378001074,6.477900363,-12.28396415
Object 322,2.692994749,0.547472572,8.425611582,7.075718297,-5.13168204
Object 323,3.428013851,2.933960865,1.578187629,8.600190963,-7.902647758
Object 324,-1.857542148,6.041714301,2.609011333,-1.044545481,-0.897269604
Object 325,-9.639473054,-10.61021495,7.309903063,7.444309546,8.744256993
Object 326,2.777923052,5.235112207,-1.017219851,3.874168048,2.264874339
Object 327,-8.390539701,-9.53097209,5.542249616,5.758707237,7.278273001
Object 328,3.629289293,-2.202828316,8.768219164,9.084470197,-4.297405991
Object 329,6.24562851,0.553389754,4.823637312,7.895158351,-3.427343998
Object 330,2.034360555,5.149044571,-0.66429393,0.814862037,-3.042645734
Object 331,7.522478588,1.263851471,-2.385348103,11.65386218,-5.958885802
Object 332,5.735279444,2.858817743,-1.011872779,6.381636557,-12.90660086
Object 333,2.797307194,-0.692093679,6.549554909,9.573485664,0.844353424
Object 334,5.718987645,-0.875525657,0.92656499,8.783995201,-10.25590115
Object 335,2.681540693,-1.533631199,5.380187175,9.349509978,-1.305734577
Object 336,-8.976903159,-13.58758579,4.879955273,5.997668388,4.109055517
Object 337,1.637335565,4.013238413,0.542280464,1.500691775,0.551288868
Object 338,4.030356819,1.219897327,-1.423140611,9.696344129,-10.51314101
Object 339,1.779268189,6.753528456,2.184979734,-1.661714686,-2.697766422
Object 340,-9.740525951,-7.677856874,10.45023896,2.373009739,6.890318548
Object 341,-6.807915705,-6.766412566,7.792085547,7.046237121,7.504800867
Object 342,-7.020570588,-9.443105831,6.129416272,7.272597552,9.776030766
Object 343,7.652877752,0.739338176,-0.713167466,6.286120976,-8.388455084
Object 344,8.561985947,1.326174391,3.981420429,7.976437171,-8.152926309
Object 345,1.824249908,2.087997756,-1.432179253,6.992941785,-9.08079219
Object 346,-1.401619832,5.850293282,-0.312493759,-4.420680816,-0.314264965
Object 347,-7.301164013,-9.781877635,2.459281949,8.806590975,5.673826527
Object 348,6.663727798,-1.447273456,1.850861636,13.33662825,-9.493712341
Object 349,-9.699542,-13.47739691,6.85220703,8.126807909,5.460084162
Object 350,5.535219766,-1.299852891,10.12598436,9.966244094,-0.782848404
Object 351,5.174024975,-1.091715932,3.831656006,8.024325172,-8.958370173
Object 352,4.048416666,-4.847798138,5.626079721,10.08751587,-3.588284784
Object 353,-8.604518904,-10.13635963,6.231400613,1.841492671,8.600790275
Object 354,-4.99846356,-9.793721455,6.248413,2.665483242,3.97191359
Object 355,3.174954895,-1.533151512,5.217932987,6.868304594,-1.498970355
Object 356,1.423490052,1.473637723,-0.150610299,11.16334868,-9.263243391
Object 357,-6.168197959,-5.016376346,6.167284392,7.005198862,11.99900376
Object 358,2.264760306,-1.264675539,6.790221183,11.3592104,-1.502986916
Object 359,1.636340308,8.755675991,4.797245534,-0.122022824,-0.877164782
Object 360,-7.975548665,-11.04597631,8.243878541,5.210257936,4.133373905
Object 361,1.847362397,3.105338773,2.121447024,-0.810658862,-2.966785078
Object 362,0.530919878,3.59692383,-1.177680856,0.313988934,-3.049888437
Object 363,-0.630012696,3.375111945,4.098848693,-0.207417687,-2.300645707
Object 364,3.965239168,0.163817277,2.907784983,2.25147973,-2.801778064
Object 365,4.102163164,1.188539905,3.409221087,9.001153489,-10.13912533
Object 366,5.969797383,-2.793799541,9.599573214,6.768068527,-3.503809674
Object 367,3.055080716,-1.792807977,6.856009971,8.714661871,0.184318812
Object 368,-7.903097331,-11.64197831,6.865837897,3.739372422,4.463509052
Object 369,3.167421303,-3.273602022,5.780866261,9.919968273,-5.069951872
Object 370,-11.37366229,-11.335363,6.456720245,2.198132722,8.712762082
Object 371,2.199649071,-3.36539957,6.817448338,9.504585358,-3.425880772
Object 372,6.398671561,-0.098342691,1.15583226,7.662171877,-11.24386977
Object 373,-3.274441602,-7.571921724,6.089921032,5.596548034,9.708082303
Object 374,6.570068783,-2.198568602,-3.789514032,6.839721557,-7.917093993
Object 375,-7.022426243,-7.671187289,7.593494733,5.091526608,8.757821553
Object 376,5.178664649,-2.07811086,1.823824741,10.50494887,-9.675553772
Object 377,4.324241493,4.626905862,5.182077011,-0.683382384,-3.341504256
Object 378,5.589916046,-0.277520111,-0.344537242,9.323237225,-3.379544507
Object 379,-0.859739461,4.808780582,3.695911116,3.617560743,-1.707668028
Object 380,-0.343513381,2.024182417,3.625182564,-0.210955593,-2.46817933
Object 381,-9.545757236,-5.777865181,5.525306292,7.728080127,3.496421308
Object 382,4.960331748,0.169134771,12.73791945,8.850843243,-2.571982901
Object 383,2.248639049,-3.007369969,7.235446698,11.02427352,-1.826628062
Object 384,3.528420771,6.953815433,2.465932649,0.987931691,3.152345599
Object 385,2.974230347,3.243509066,-2.192490816,6.642366713,-13.2056827
Object 386,-8.100931694,-8.841399456,6.952490063,2.628636354,10.19236736
Object 387,1.685785465,5.537560436,2.072523319,1.951672077,-0.619340188
Object 388,-1.504979121,4.748713655,1.878516475,1.094419474,-0.764071505
Object 389,8.066453818,-1.263177931,-1.879656983,10.72431571,-10.57624813
Object 390,6.518807786,-3.638463322,8.868474904,10.0918452,-3.169333609
Object 391,6.670907459,-2.793557706,1.595841198,8.442028721,-12.67206511
Object 392,4.292531438,4.067459237,0.694911113,2.230429824,-2.448343588
Object 393,2.703309395,2.694279846,6.748561582,-1.660658554,-2.258006193
Object 394,2.057817249,0.667632067,1.956619381,1.375730862,-3.527564711
Object 395,-8.264076898,-9.789515167,6.460654011,6.354008947,7.293756881
Object 396,1.991838753,-0.354207461,8.046900007,9.328779473,-3.182254049
Object 397,8.203753703,-0.168009722,12.41639416,12.47379085,-2.708839184
Object 398,3.115217169,-0.853893664,9.953514525,7.228126427,-4.041650538
Object 399,-5.61302569,-10.61298255,7.709274442,7.213568464,4.703379763
Object 400,2.937567035,-2.56769451,3.814219169,9.84464185,-6.927027419
Object 401,3.404218692,-0.467525888,11.0125214,8.251402848,-0.781712985
Object 402,5.668333102,-2.356518269,10.834443,9.484924497,-4.052189118
Object 403,0.636753491,4.035521762,4.49803744,0.511980003,-1.593542579
Object 404,-7.69012002,-11.53385658,6.615649453,5.155064126,5.504762235
Object 405,7.247443989,0.986535576,-2.480519976,6.055743101,-5.555548226
Object 406,2.829602824,1.988662874,8.97767966,8.185867151,-4.518959737
Object 407,-5.416956381,-11.00512907,8.123126702,4.519279785,4.215852913
Object 408,2.849067166,3.252506141,2.597607891,-0.705330111,-2.821266877
Object 409,1.566475975,-3.989399611,8.456589436,8.259181946,-6.352734161
Object 410,9.164599575,1.402442938,2.435684716,9.077289664,-10.76436046
Object 411,-1.009977143,5.987049856,1.556350361,0.996653623,-0.539230461
Object 412,7.430090646,2.600794177,-0.446490638,6.564875246,-4.42281891
Object 413,-9.732326394,-12.66947182,5.527887253,2.364112772,9.049022826
Object 414,5.080398349,0.586248393,-1.606091885,5.552341535,-8.309904311
Object 415,1.018972526,2.465560438,2.44077522,0.167553227,-5.109559109
Object 416,5.317354614,-0.335949703,7.120301952,9.355419662,-1.144237784
Object 417,4.426073589,-2.498310556,7.054674628,9.498370272,-3.642259682
Object 418,1.180157168,0.064525727,6.771472397,7.360738365,-1.999442578
Object 419,2.262899009,1.16254051,1.641460169,2.658021484,-4.923115652
Object 420,-7.535409274,-9.291681653,6.207851451,8.172681392,7.213767563
Object 421,3.571920612,5.26601758,7.573977749,0.748327703,-1.009471133
Object 422,4.701294712,-1.428633119,1.710150378,10.47658673,-6.504389243
Object 423,-10.90706875,-10.89354391,6.571835274,4.749857079,7.241727514
Object 424,5.574054429,0.199062537,-0.254216861,7.027628443,-10.45959202
Object 425,4.835334186,6.202628941,2.230370004,-1.553207378,0.16182194
Object 426,1.855053481,4.637134318,3.325330395,5.66395321,0.362054961
Object 427,6.773245212,-2.211460888,2.107240658,10.67727733,-8.878457839
Object 428,2.266380625,6.327472193,0.739365432,1.834434128,1.944853982
Object 429,1.623775209,-0.905768684,7.913277427,10.52638371,-5.44716668
Object 430,-1.529320642,5.858768039,-1.172528174,0.4721831,-3.317837136
Object 431,7.127731989,-1.785364235,0.690708621,12.16538971,-11.49160773
Object 432,-0.634982937,2.067163479,1.793159498,3.163823419,-5.430512216
Object 433,6.971722427,2.320426934,2.682032838,10.86005647,-7.517016089
Object 434,-8.59891455,-12.89769351,6.235145584,4.14124088,7.504936673
Object 435,-10.16513593,-11.2948601,4.688597525,2.836979683,5.855045846
Object 436,-6.220667814,-9.496261619,3.448699404,1.926313606,10.9435563
Object 437,-8.685827776,-6.584125574,5.461329162,5.801277181,4.973738305
Object 438,8.737556796,1.648919535,0.561753501,6.645777084,-9.05683147
Object 439,-1.883712439,4.180511223,-0.810203458,1.072726602,0.350589738
Object 440,5.954518896,2.858875243,1.706540573,7.681929424,-10.28553609
Object 441,5.770515983,3.728627454,11.22739908,9.556868488,1.3357011
Object 442,3.505603854,-1.979129286,-0.728741417,10.09174265,-6.374713707
Object 443,5.214583423,-3.06995653,10.6411495,9.944944653,-1.692932823
Object 444,-8.174058976,-8.04859725,6.914360322,8.897453456,8.649137603
Object 445,4.94582657,-4.708807898,9.012944829,10.04190202,-0.311745914
Object 446,-11.36277509,-5.375325003,8.170056009,4.143274537,7.702537029
Object 447,2.862362253,-1.175567007,0.916643414,1.43747237,-2.460595105
Object 448,-7.267628427,-9.602049808,6.047530597,4.084333127,6.374618799
Object 449,-0.359155363,7.667630808,0.350095827,0.943583171,-1.549195237
Object 450,5.887733459,-5.496035811,8.754629825,9.83337093,0.449898311
Object 451,1.903812722,0.441735431,6.48427236,7.286532459,1.752974676
Object 452,-9.960306803,-10.27199859,8.190332392,6.776130356,7.37501668
Object 453,1.321278912,4.34591137,2.254176435,1.35244921,-3.56038131
Object 454,1.874489211,0.306958788,8.651609314,6.013249908,-7.770528352
Object 455,3.928141766,-0.3806964,-1.330124234,1.727332779,-8.267690975
Object 456,1.086612788,4.90174224,5.352275542,-2.202364719,-2.438554709
Object 457,-10.6216208,-11.02798817,3.369289001,3.783083915,8.788596406
Object 458,2.345963958,1.745566212,10.20169913,10.71104954,-4.763322785
Object 459,-8.590333459,-9.004157174,8.913431581,4.224483622,9.012204286
Object 460,5.152751941,-2.462050524,0.927825478,6.943490001,-7.116691594
Object 461,2.421043648,-2.710002947,4.552053558,9.824588309,-3.747939728
Object 462,0.497511723,6.503106519,3.365794983,2.177926712,-4.760816102
Object 463,5.477587132,1.355902676,0.681982579,8.397974656,-9.371649726
Object 464,0.24688299,4.617195038,3.212310517,1.596972574,-3.055191861
Object 465,-0.410463709,-1.501394438,7.108584455,10.83135765,-5.350492836
Object 466,5.20221761,-0.106670724,0.552302381,8.385672966,-10.22180898
Object 467,7.996394101,2.356650211,1.637034511,10.9211337,-2.81635741
Object 468,0.962952507,0.510524109,9.106309069,10.35847678,-0.899291837
Object 469,3.979774906,2.354576119,0.311407312,5.741377598,-8.374922182
Object 470,2.544464038,-4.617290286,9.448587551,7.60286983,-4.224650445
Object 471,5.427270724,1.434482916,1.029972693,10.89841504,-6.481517803
Object 472,6.224181926,-2.646891657,8.60779277,9.474989337,-4.201424042
Object 473,-10.95650672,-11.34226473,9.374480603,8.404444541,8.260991292
Object 474,9.165399775,0.433752352,3.129120531,10.23734763,-9.874354887
Object 475,-1.773632508,3.016550522,-2.391538783,2.148126562,-4.731019324
Object 476,-3.861189014,-8.702965179,8.500618302,7.430456107,3.774838615
Object 477,4.49905438,0.554787355,3.039872567,8.164072905,-14.20061495
Object 478,2.920379173,-1.56813535,6.171545029,8.076954305,-5.371248194
Object 479,-0.286481898,3.821111745,0.298886836,2.296424627,-3.649348588
Object 480,2.946905096,5.837626667,2.860518584,-2.65411234,1.8115976
Object 481,2.897384527,4.755468285,0.956270429,-1.299477795,3.114695665
Object 482,6.289466867,-4.544348187,8.432887336,11.09454655,-2.390881867
Object 483,-7.149851617,-10.77059499,9.168296797,3.845798223,8.272617156
Object 484,6.176433801,-0.970127474,6.120119606,6.77457818,-3.750739824
Object 485,-0.364814956,-1.558327391,7.967580539,8.281664221,0.101985804
Object 486,3.035147736,2.486260836,1.206632279,2.622855683,-6.838142199
Object 487,2.375467582,-3.882605352,8.21486524,12.67839551,-2.195901163
Object 488,4.999641849,-0.329207807,-0.622365495,8.917694855,-6.085888554
Object 489,2.480163254,5.429766765,-0.334706089,-0.103155675,-1.021297002
Object 490,2.731833972,-5.875802001,6.150316612,6.187412316,-3.134697108
Object 491,-10.91921657,-9.283345802,5.538817422,5.252126416,8.702847083
Object 492,-8.622042517,-13.59416724,6.295654702,3.878146025,7.051015659
Object 493,3.683078535,-3.022064427,9.592067531,9.446160258,-1.835756867
Object 494,-7.758720135,-8.498528494,8.92219331,7.769029825,10.72670343
Object 495,1.2342359,6.582588697,-0.414384119,1.702346942,-2.896524195
Object 496,5.432321563,-4.21402249,5.216635723,10.90897887,-1.854769239
Object 497,0.163663818,2.575697345,1.768108498,0.133612762,-0.807895214
Object 498,-8.279242682,-11.05724558,4.0320023,7.721396317,7.194717595
Object 499,-8.831084422,-6.326820761,7.794850173,3.983226899,4.314727084
Object 500,-6.993248799,-10.61732665,3.745137158,6.113578217,7.679817458
Object 501,0.342959488,5.49760029,0.080694135,0.09519424,-3.127068965
Object 502,4.699225624,-0.222422081,2.7529824,7.337090975,-1.377033439
Object 503,-8.284712408,-9.792323032,8.352151061,4.573163599,9.537704682
Object 504,-7.437449294,-8.794351318,4.815358758,9.214906524,7.799812208
Object 505,0.772875529,4.342346096,5.754450015,0.469330348,-2.524937289
Object 506,0.459124815,4.920449819,-0.700899413,0.273711444,-3.207484804
Object 507,-9.497965172,-9.369932785,5.425989286,8.727676386,6.631366773
Object 508,1.919048739,-4.102131146,5.970319556,7.248340905,0.169970042
Object 509,-6.10620744,-8.82882645,3.718401991,5.033571493,5.336084941
Object 510,4.982869029,4.594196954,3.236673966,6.805455797,-9.353905711
Object 511,1.171720014,5.469694687,1.256369463,1.637775436,-4.139957717
Object 512,5.606031011,-0.248222383,4.97186446,8.015293795,-0.191024599
Object 513,1.478266311,6.413303178,3.975363004,0.064665495,-2.080550003
Object 514,0.985974544,-2.696878413,6.289074995,6.293389194,-4.080494667
Object 515,3.902374392,4.897924612,1.160287817,7.105132581,-7.974156831
Object 516,8.127364789,0.721868785,1.777357563,5.474195448,-7.944620929
Object 517,2.234526066,-1.199673946,10.39508406,7.501322246,-1.529398265
Object 518,3.864858785,2.462236644,10.66677247,8.667763176,-0.35181074
Object 519,5.294738495,3.112160276,1.728398213,6.979313462,-9.458445937
Object 520,-6.472435997,-7.843402519,6.033235087,4.523926541,4.786499679
Object 521,-7.1044566,-9.465020841,5.105371305,6.353031397,6.392463189
Object 522,-9.804413171,-12.43400307,7.259300776,2.526721609,9.639658415
Object 523,-4.568915434,8.215611944,2.835454167,-0.407153505,-2.308810764
Object 524,7.489084624,-0.496400923,6.008270996,10.89273667,-0.171307189
Object 525,6.066624736,-0.850276786,11.81292385,11.50782214,-5.458978893
Object 526,-3.486170741,-11.9535205,6.710641201,6.682230135,9.16231725
Object 527,2.246720974,2.544108683,6.235887739,8.710104348,-3.509943027
Object 528,4.698329321,-0.453614696,3.888751627,8.813329053,-7.188242213
Object 529,-5.863674518,-6.780224393,7.006171434,9.019798843,5.496875857
Object 530,7.340490928,-4.843167383,5.708594139,7.914069125,-3.459805443
Object 531,3.712094734,-0.248961865,5.398092356,9.765700733,-4.167138235
Object 532,2.132747745,-3.432691657,9.232760484,10.31650566,-1.337383334
Object 533,0.18172645,4.038026172,1.459685763,0.279637722,-4.878911626
Object 534,0.16024066,7.853104449,1.268961132,0.573226765,0.011956343
Object 535,-8.349189897,-9.026263049,10.66928002,5.754696713,5.519424971
Object 536,-1.834850016,3.604222967,6.102211421,1.908437537,-0.8084057
Object 537,3.267242447,-4.553863059,9.967313653,9.401047593,-5.545809942
Object 538,2.955137003,0.860394175,7.896553178,9.199488148,0.208359877
Object 539,-9.644031795,-10.11665797,10.89432172,3.898553804,10.27612497
Object 540,-5.943852003,-10.61999487,5.754379394,2.775390308,8.461020438
Object 541,4.140080406,-1.84914881,-1.044885427,5.244340731,-6.786944449
Object 542,4.089583873,1.02452038,9.17869316,7.32492034,-5.570538754
Object 543,6.763785559,2.306141058,-1.65203511,8.506003263,-12.13336605
Object 544,0.276383349,6.504356004,4.651311466,6.290111765,-1.674753346
Object 545,1.33385581,2.704942528,2.536842541,1.47590467,-0.701162372
Object 546,0.983811857,6.167484076,2.735197489,0.866299437,-1.205047677
Object 547,0.87610189,2.508985474,4.680208256,-0.820281117,-3.324788326
Object 548,0.746719429,4.921289811,-0.686252444,2.628969506,0.635848056
Object 549,7.313109828,1.816208238,-2.387735772,6.712159812,-7.615117619
Object 550,5.813918129,0.582048439,3.41449238,5.5616118,-6.557891404
Object 551,7.122308909,-2.304085802,-0.249705562,8.989438507,-9.408854161
Object 552,4.019568799,0.193089979,-1.064140267,8.350735734,-5.392731604
Object 553,2.542292417,-0.274381165,7.622154668,8.286826436,-1.140569008
Object 554,3.083104326,-2.891324809,7.873304223,9.109186904,-4.24548582
Object 555,2.605309724,4.421638506,1.685160179,-0.717633315,-4.419973412
Object 556,2.833794209,-1.534020323,2.5227564,10.29496341,-7.010168167
Object 557,-11.53861642,-7.304909252,6.351206694,8.426021513,8.673416501
Object 558,3.830209484,-3.13799617,8.977037074,12.35884789,-2.332004276
Object 559,1.070402268,5.952901767,3.117624255,0.641179712,-2.070447146
Object 560,1.818106647,4.7969917,0.804153451,2.881937317,2.283223268
Object 561,-9.360567381,-10.67387092,7.16693963,1.335271122,9.297308809
Object 562,-4.443302321,-12.24125545,6.69882012,6.126484134,4.348687941
Object 563,5.796966651,3.144808468,2.556784205,12.88917012,-9.018824807
Object 564,-6.831173373,-6.955678243,7.274615746,6.160999778,8.617588364
Object 565,3.726198211,1.639364018,-1.881981858,-0.42244898,-1.175266107
Object 566,3.087818535,-4.461135154,5.089352944,13.00662151,-0.816232963
Object 567,1.631367058,-3.515441426,9.828979301,8.975722906,-2.139161214
Object 568,2.283507269,6.032659725,0.570937481,5.437172908,-4.435635362
Object 569,-1.692246864,1.610352316,3.442813827,0.578516784,-1.794307133
Object 570,-5.950177943,-10.70509766,6.405195388,5.290939607,3.989158152
Object 571,1.610706509,5.876443252,1.122429328,-0.991228852,-2.3470034
Object 572,-1.719248044,1.76281733,3.994060938,-1.44858315,2.360338358
Object 573,7.117177052,2.245600839,1.417230968,12.46867817,-8.75393521
Object 574,1.613725384,6.017448551,0.753216335,-1.170822024,-0.163714977
Object 575,2.572965068,0.01881203,6.617829781,8.82101027,1.520441851
Object 576,2.849755006,7.12844274,-2.683906289,2.625768261,-6.006112131
Object 577,3.529669304,2.354362375,0.637546307,12.81937178,-6.884462125
Object 578,-7.072950639,-8.998961881,7.10196623,2.9253792,6.768434093
Object 579,3.034141064,4.159213312,0.853952406,4.00215002,-0.953095037
Object 580,2.002601073,-0.504633612,8.750079309,11.1979387,-0.789495703
Object 581,-3.752077556,4.344455691,-0.640583324,-0.625483117,2.49560935
Object 582,2.67058301,-0.238315812,11.28285257,10.69928767,-1.679570396
Object 583,-7.240168534,-6.410780637,6.569511548,8.315018178,10.11145122
Object 584,-8.207828687,-8.593133259,10.87643616,6.568728966,4.958625242
Object 585,-10.27850642,-8.782317557,7.619340363,2.218245844,8.644393358
Object 586,6.435069409,4.799115462,4.187062296,11.52589348,-6.944484643
Object 587,3.43685144,6.708547025,1.280613887,0.293058159,-3.624009943
Object 588,1.943699398,0.549679014,8.857209659,11.90156408,-3.189588217
Object 589,1.963753633,4.071579449,-2.006101414,5.026649383,-1.747985328
Object 590,-9.312406139,-8.675202508,5.854063126,5.414768628,5.22952808
Object 591,1.738722416,-5.606118815,6.576159162,7.966685806,-2.174141573
Object 592,8.107686477,1.994938277,1.083598734,10.35997344,-11.12574519
Object 593,0.069498471,2.928112105,-0.372887285,0.015818395,-2.087615004
Object 594,8.159029953,-2.743202131,5.234766351,7.665554402,-3.879759784
Object 595,8.382810817,-2.751497684,2.221648991,8.426728909,-7.802701208
Object 596,-7.507517283,-11.00431433,8.801804627,4.308536896,10.46823432
Object 597,0.999267878,2.628431244,0.872901314,-0.437776913,-0.872978822
Object 598,7.77374822,-2.859401358,-0.753022314,8.798860622,-6.805353704
Object 599,6.017374428,0.598414029,4.963789639,10.40638131,-8.637867643
Object 600,5.181892529,-2.370217781,5.109578121,7.689742179,-2.86718919
Object 601,5.728613139,1.987852763,6.186641773,10.11841595,-1.236208479
Object 602,3.280933208,6.463024512,0.428539003,-2.035184996,-0.48477426
Object 603,-0.062648514,1.744023499,5.890654237,11.96569736,-3.266155971
Object 604,-9.894628556,-12.48593437,9.335923294,5.352755908,10.11381746
Object 605,-5.387162223,-8.813214027,9.314052212,3.585450812,6.53763649
Object 606,0.52302687,1.724542732,7.01502263,12.03761899,0.642395325
Object 607,-0.344556754,-1.851200404,7.32299462,10.98857903,-2.552350629
Object 608,4.627167719,-0.563401072,7.388607791,14.20189908,-1.94350615
Object 609,1.580248499,5.520100183,4.285192167,3.764368666,-0.690107991
Object 610,5.50219449,-2.184924906,0.135614101,7.749353026,-11.0771767
Object 611,6.304455147,1.83589757,1.988958909,7.021886332,-6.554757816
Object 612,4.245005415,-1.556400572,10.22268338,9.076932788,-4.104398144
Object 613,-10.37154259,-13.24501818,7.135873488,5.272831381,8.404228293
Object 614,1.938225824,0.069348509,6.641625792,8.827336844,-2.026815672
Object 615,-9.350332269,-11.0913554,7.200200093,5.143593855,6.921072833
Object 616,1.934460527,2.747420285,5.528817435,-1.99549212,-4.692275297
Object 617,6.976400441,2.72249969,0.353472347,7.337900189,-9.33563493
Object 618,3.181705773,-5.209386957,9.373001304,8.430600035,-3.269791096
Object 619,4.849754498,1.596953723,11.75791399,9.128777693,-1.708920731
Object 620,-1.44481591,2.726448818,4.244544271,1.367306712,2.737402808
Object 621,0.816574588,-1.860160925,6.9585111,8.532926881,-4.249680409
Object 622,2.363099478,0.689233011,6.374745825,7.748532137,-5.225050293
Object 623,1.385227063,1.314766906,11.66391941,5.941343056,0.922129501
Object 624,2.054768461,2.955122006,2.118928638,-0.374028497,-0.174037423
Object 625,1.342948477,7.645673393,1.943001481,0.894893574,-2.901502088
Object 626,1.81628341,0.335827222,8.123672986,9.740171369,-2.10742483
Object 627,3.787097857,-0.941970141,0.416244742,8.729227015,-7.242600863
Object 628,-7.344129084,-6.576478135,6.196054436,3.782451954,9.81978678
Object 629,-2.151226663,-3.998624733,8.83744448,8.31275714,-0.458954523
Object 630,2.441118098,3.553342526,1.471983549,-2.584381957,-3.087512826
Object 631,-0.95294277,4.423576694,1.630221432,-0.626565364,-3.302464286
Object 632,4.920544296,-0.053830766,6.204908693,12.87568319,-1.900688688
Object 633,-10.45425851,-10.35016096,8.016735877,8.694366738,5.951272815
Object 634,-6.843097945,-7.208802881,7.707173966,7.576542867,3.935588301
Object 635,3.199226068,-2.735600124,7.517435513,9.753369069,-2.130850807
Object 636,-6.405681614,-8.677400159,5.827706014,2.983672322,8.580760981
Object 637,0.105962975,8.002314784,3.399857035,1.712587332,-3.066736162
Object 638,-1.114236654,6.726077907,3.434903851,3.501356119,-2.783079133
Object 639,-6.32406326,-9.115272754,6.853025778,3.685552105,9.811880078
Object 640,-1.2324966,4.408117486,0.576141529,3.983692851,-4.112617833
Object 641,-8.326221504,-8.557093674,5.307230716,7.910357471,4.21578399
Object 642,1.507646028,5.749988315,2.104491772,2.33763112,-3.732716439
Object 643,5.724724392,1.623013599,-1.171794132,8.388943237,-11.35884087
Object 644,9.025309099,2.993003563,2.435651609,6.493684703,-11.31038429
Object 645,4.847437061,0.570652761,0.400317003,11.87866733,-6.097826358
Object 646,0.452979187,3.93929776,1.64947384,0.677898101,-1.099943915
Object 647,2.373618749,-0.678674576,7.21670483,9.21619747,-2.980630154
Object 648,-7.035222114,-10.51653948,4.12835849,7.959229568,10.99706713
Object 649,7.784777583,-2.080774744,0.278797658,8.329057303,-11.67622094
Object 650,-7.551546365,-10.1839493,4.739772917,2.871588485,7.315246745
Object 651,-0.044315401,4.671638316,1.284288001,-2.306008438,-3.301265897
Object 652,-8.356697148,-12.19442298,7.90310777,3.979696444,6.234356176
Object 653,3.776274825,2.524058403,5.354423225,10.61833256,-7.915898145
Object 654,0.687136445,3.580588766,4.184437794,-0.978096802,-0.660688107
Object 655,-1.337764483,5.845133436,1.794388054,4.541493856,-1.678204954
Object 656,5.646375861,1.373028826,-0.68481886,6.210548757,-7.378068433
Object 657,-5.871796716,-6.580400998,7.084256747,7.715535666,4.601531023
Object 658,6.429312082,1.304067726,0.624018535,9.489504251,-7.9950356
Object 659,4.669273619,-3.978581529,11.7296573,8.312771127,-3.37767151
Object 660,8.874507797,1.622064902,0.34677131,8.704891051,-10.92891904
Object 661,3.181743777,2.855846016,3.326573662,6.978006696,-6.227158283
Object 662,6.478910928,-2.171690382,3.000797438,10.63480269,-9.449346895
Object 663,4.664958889,-2.838743189,4.62085571,9.307929412,-8.103719569
Object 664,-10.78701407,-5.919269073,4.684231534,6.845031913,9.253625416
Object 665,1.125442892,2.149589189,1.205940917,-0.762265535,1.295440115
Object 666,3.363598908,0.703819276,4.721592151,6.613471487,-3.042159173
Object 667,2.439587933,4.172810577,2.751605992,2.224179839,-3.736137208
Object 668,3.614543831,2.53894969,4.31245565,1.889665553,0.015907884
Object 669,2.140719261,0.114581185,2.30271135,0.637449752,-1.338997554
Object 670,-8.69590231,-10.48856163,8.530074197,6.457243324,9.654551994
Object 671,3.24716988,0.522119308,10.78298965,10.05144315,0.010912506
Object 672,5.148030653,0.719446547,0.549946308,9.379810702,-8.946460363
Object 673,2.874763026,1.298994189,-1.500066388,-0.167741924,0.654595456
Object 674,3.225108448,5.814578719,3.790082344,-0.41526369,-7.196013024
Object 675,-8.09409728,-9.754050783,6.84033351,6.362148385,10.49886549
Object 676,-6.872756324,-7.571081966,6.568042686,6.807155949,6.585170709
Object 677,1.96753205,1.297651723,4.443197482,10.73362227,-6.046136167
Object 678,5.246185794,-1.712843789,9.29331975,4.11515372,-4.206188396
Object 679,1.16891279,6.188723566,1.520078029,-0.458387903,1.068787568
Object 680,6.343931835,-3.070260709,0.203474196,6.66214662,-7.920233952
Object 681,0.236667746,6.248858906,6.323004016,1.710494647,-1.913257416
Object 682,-5.57655337,-8.911482373,8.793653572,9.04126509,10.01345501
Object 683,2.994118262,-2.406092055,4.450719141,10.7319479,-0.932897316
Object 684,6.352095896,2.658376324,0.987509378,6.224649974,-6.290171765
Object 685,6.636574929,-4.50089965,7.565815113,8.105068116,-1.660958383
Object 686,-7.808056295,-8.5494614,10.125931,6.580441996,9.730320657
Object 687,-0.474924678,1.537059417,-1.110609273,2.118422418,-3.904622529
Object 688,7.162430913,2.222051109,0.934460748,6.0206165,-10.92165951
Object 689,4.536242855,-3.644441535,8.648774191,11.67665092,-2.03630082
Object 690,6.735078423,-1.190131064,3.829179293,11.41162782,-10.34217297
Object 691,-7.671700165,-9.809061901,5.665476869,7.134497611,6.291552704
Object 692,6.844490205,3.23581989,1.796697996,7.192510271,-7.631263101
Object 693,-8.290890583,-9.434741701,7.201395068,8.689630263,5.547083569
Object 694,1.127219962,-1.432390467,1.574195811,11.54993933,-7.011789849
Object 695,3.545115499,0.395364356,0.557749871,9.635958978,-10.59509844
Object 696,4.606790875,-3.673991407,8.402999124,8.708863457,-4.647575994
Object 697,-11.56104808,-8.622475354,10.04694031,7.708136714,5.508448512
Object 698,-7.36455075,-11.88298809,6.856916881,5.025307235,8.259337199
Object 699,3.711464558,6.3726071,0.062842241,-1.538213363,-2.136831289
Object 700,1.013853662,3.116232432,-1.968493117,2.077070871,-3.319643458
Object 701,-7.407635032,-10.13815208,5.285261821,2.488259799,7.197494109
Object 702,0.579472285,4.492171928,-0.239954368,0.181435509,-0.414978654
Object 703,4.584008917,-0.895083948,2.470987107,9.823781589,-9.092579107
Object 704,3.284739555,-0.67242491,6.666709465,10.00443813,-5.666729409
Object 705,3.532411822,-4.525103026,4.282682783,9.704361318,-1.195154905
Object 706,0.914397564,7.461517716,0.464266421,-0.235216048,-2.142286568
Object 707,5.332655968,-2.974511653,-1.90449831,9.979379742,-8.787376457
Object 708,0.038541703,-0.099095244,2.453867915,0.796456578,-2.561942098
Object 709,7.062463379,-0.575010911,1.269662656,9.255843869,-9.467198854
Object 710,-0.175305861,4.587693654,1.416610687,2.280741162,-0.137405726
Object 711,-5.460687624,-5.416411139,9.081612421,4.777618621,7.081783878
Object 712,5.486487087,4.292102935,2.190239755,8.254757665,-7.668438854
Object 713,6.736782341,1.778232152,1.780505084,7.196616758,-8.522461947
Object 714,-6.764082571,-7.737268431,7.111232926,6.391946772,8.019690615
Object 715,4.261563932,-1.775047914,-1.200722206,11.83523649,-8.715169077
Object 716,2.971359027,-0.881355268,6.893975019,9.818847989,-0.695214409
Object 717,0.946715639,3.702829756,1.345210059,-2.887060127,-1.882530301
Object 718,3.421160219,4.720337284,4.008545594,1.610396454,-0.113757677
Object 719,4.964919468,0.707469874,3.250611226,5.28301082,-8.99647748
Object 720,5.77067861,0.230681924,3.157372467,8.116357863,-10.25483135
Object 721,-4.578448212,6.607255277,0.876809548,0.000733648,-1.263756077
Object 722,-0.63054925,2.924687772,1.144202514,0.932621978,-2.234891836
Object 723,2.448806192,-2.974966937,5.764248553,9.55658954,-2.353440878
Object 724,7.540278956,-3.718338561,-0.705438329,8.71660446,-9.02746357
Object 725,-4.000623041,-10.37411364,7.791622786,5.014536092,5.20340925
Object 726,-11.5581708,-14.6726543,8.672578472,5.734539203,3.932521004
Object 727,4.801525878,0.411245825,1.62300012,6.753740741,-11.24596339
Object 728,-9.527102661,-9.867376185,5.458855269,8.157298259,5.751948427
Object 729,2.360053711,1.61487974,10.75988836,8.415851079,-3.606850736
Object 730,2.85245516,4.897253672,3.71523984,-0.094541008,-1.676513979
Object 731,-1.037393426,7.66694076,0.470694198,-0.165548156,-0.795206437
Object 732,-8.687540057,-11.80381347,2.775479002,7.366929081,10.67120555
Object 733,-6.701406919,-8.236213169,5.880733911,2.636444897,6.540631945
Object 734,-1.114779036,2.134075209,4.289878153,-0.140136749,-3.034312946
Object 735,2.692117927,6.585991061,4.988424953,2.602767539,-2.724211887
Object 736,8.319488587,-1.850536168,-0.389418276,7.324892131,-7.255268103
Object 737,6.334728575,-1.465928254,-0.939984318,6.839710007,-7.294856949
Object 738,2.01318171,-0.609392108,7.559901587,7.358960264,-5.028018262
Object 739,0.678625794,-2.841806387,10.93159362,9.149768607,-3.224842131
Object 740,-9.287810748,-7.437198498,9.607322484,5.012917571,6.526227539
Object 741,-9.487455703,-8.618250869,6.436473025,2.719327748,5.528223968
Object 742,3.666192433,-0.429152218,6.236273016,12.29653391,1.081766871
Object 743,7.244662965,1.680845489,-0.26414087,8.961828864,-9.235881049
Object 744,3.22408069,3.956859533,1.035208442,3.682700559,0.548267321
Object 745,2.114767172,-2.185207864,8.861132931,8.620618286,-1.125754311
Object 746,5.0383778,1.00054445,0.956102696,7.268076449,-8.251737943
Object 747,5.929109762,1.057146223,-0.595550011,5.465932493,-8.254552761
Object 748,4.093957759,1.865764308,9.60351441,5.234175039,-4.299587628
Object 749,0.423404389,3.784633364,2.78423002,3.840307572,1.658637496
Object 750,-0.649715899,4.852820043,0.273437355,-1.417046858,-2.151488515
Object 751,3.723438184,1.769122302,-1.389712678,9.757953158,-8.9084683
Object 752,6.005005911,0.776742368,-1.700341267,9.167179124,-8.020885851
Object 753,-1.54986662,5.208765513,2.251059812,0.001332935,-2.825579869
Object 754,3.942059521,-1.209192402,-0.876160523,9.056154052,-9.50668773
Object 755,-2.792901611,0.412381161,0.229700533,1.336682772,-0.740778145
Object 756,3.828587583,6.176045624,3.412027719,2.562965139,-0.872771595
Object 757,2.673992406,-0.570137263,6.656195932,7.481623689,-1.234513362
Object 758,3.993248016,2.421768004,-0.830451236,6.326139553,-9.241300043
Object 759,-8.520017821,-11.09750202,9.207700482,7.060658124,12.71478906
Object 760,-3.664918473,4.93810858,3.095348751,1.348880969,-0.627479813
Object 761,-0.03736263,3.111159251,1.950132929,-2.974895952,-1.14934682
Object 762,3.494604338,5.712009372,-0.936091511,5.950400141,2.012938763
Object 763,-4.229385821,-12.34089135,4.937540109,2.200558118,7.099045657
Object 764,0.724678767,-1.215272801,5.391907346,7.967732311,-5.249051085
Object 765,9.637180865,-0.471980451,1.909725212,6.311991151,-9.387983275
Object 766,3.003441701,-0.244656267,7.723261069,10.35012921,-1.36448592
Object 767,2.623174932,0.871356815,7.887953251,9.04458489,-0.844062592
Object 768,1.410629344,4.46020969,4.864358551,1.190545201,-4.489395938
Object 769,0.660936046,8.817234322,0.64586697,2.78418511,-0.032527345
Object 770,3.321140505,2.457127182,-0.10674223,7.447057448,-9.135158771
Object 771,5.351194436,0.895202255,3.717269951,6.071698452,-10.46237019
Object 772,0.905151218,-1.614065736,9.627956866,9.288490207,-0.55744025
Object 773,2.540984097,-3.599925751,8.409974641,9.267503005,-2.404364209
Object 774,0.92761783,2.827725509,2.61511672,0.701362881,0.293453803
Object 775,6.580252779,2.350484784,1.25037323,5.511276014,-10.21628712
Object 776,-1.720556097,6.833753987,1.453699768,-0.423553528,-1.107205057
Object 777,-0.040749699,-1.912460329,6.392597424,8.375721184,-5.819545137
Object 778,1.647021384,0.457403762,9.174584697,11.28209359,-3.783901288
Object 779,0.741320986,5.23612018,1.31478264,-0.009944422,-0.720374933
Object 780,-6.374718193,-6.892784922,5.176081715,3.739598049,9.644057663
Object 781,9.858229288,-1.216920612,4.033361404,11.19664015,-8.183572217
Object 782,-1.863765796,0.891246946,5.956818312,-0.121640704,-2.403052616
Object 783,-0.76532422,3.146087998,1.432162457,1.009994344,-3.857203695
Object 784,0.531316058,2.585947512,2.157176075,-2.690794883,1.126019272
Object 785,-8.878022457,-7.969559295,5.179802731,3.998486381,8.034439297
Object 786,5.273605199,-1.782672818,3.385227812,11.28030622,-6.075274871
Object 787,5.576164827,-1.344945022,6.619257502,10.08104725,1.542255301
Object 788,-11.8990464,-9.268643017,5.026162865,4.35242586,4.745195355
Object 789,4.618764865,2.673871625,1.293237289,8.765980672,-12.67774266
Object 790,4.267502234,0.792936458,1.388860292,7.354048063,-9.756905235
Object 791,-9.663083198,-12.35330599,12.50289608,6.706639001,7.308491867
Object 792,-0.720370967,3.65244839,2.996133811,1.520557803,-1.047738494
Object 793,-0.066889277,1.934414147,3.976654318,3.555789353,-3.161890208
Object 794,6.095548813,-2.751248107,-0.286335331,6.922520531,-7.801294946
Object 795,4.327167703,-0.937074305,9.709050448,10.81391697,-2.04954832
Object 796,5.835311761,3.05798381,8.772069831,9.498731092,-1.016634243
Object 797,2.024052126,4.480631502,1.433495178,1.092463992,-0.728811322
Object 798,0.859096976,3.66870114,-1.209579083,0.763395351,1.451807911
Object 799,-0.340835855,3.275319396,0.019183771,0.741954148,-0.761439153
Object 800,2.893697291,2.598753501,2.353250046,9.665844553,-10.79457264
Object 801,-7.946714446,-8.500780055,6.939917533,5.823576977,7.854586868
Object 802,5.209852122,1.082030521,1.983731378,5.659154362,-0.865750501
Object 803,-4.960067059,-13.11073555,5.086137833,7.510386691,5.178378516
Object 804,1.498173897,-1.213224548,8.482711545,8.605673289,-2.371427831
Object 805,7.23586098,1.971199704,0.946942272,7.385314047,-7.224787003
Object 806,-0.994751397,1.360117313,5.351537386,1.226119171,-0.392323458
Object 807,2.938253299,3.148336903,5.854118154,7.267918035,-4.284960397
Object 808,-0.380551688,1.54886841,7.039635818,10.83841297,-5.777626125
Object 809,-1.826424508,6.364663862,-2.039379705,-1.555579659,0.407988287
Object 810,8.742572259,0.064159,1.947834017,10.6526528,-10.0192817
Object 811,-7.128637588,-11.53831669,4.924300633,1.39595034,5.097942694
Object 812,2.371038069,0.477683477,2.224158928,9.66580196,-6.942571374
Object 813,1.263501864,-2.625783509,1.2850771,8.197322189,-8.026799132
Object 814,-3.056070265,-9.952873249,8.311656592,6.389905061,6.232485335
Object 815,1.587799025,0.214847389,8.474759582,8.453546133,-3.237844488
Object 816,2.378352761,3.468832628,-0.139725788,4.322274103,-3.111134054
Object 817,3.005926814,0.037853316,9.011909874,9.698429303,0.76289337
Object 818,2.317410979,2.888775932,2.134800991,-2.236325762,-2.429510087
Object 819,5.065065057,1.699904172,2.915759089,8.542226337,-6.295982945
Object 820,3.279324017,0.684763276,0.434419511,8.473816338,-8.167965488
Object 821,1.193348262,-0.926933395,5.93017011,12.49029952,-3.454327123
Object 822,-9.446077949,-9.706510097,8.245518359,5.829494789,6.316886268
Object 823,-5.2182163,-9.169909277,9.785392673,5.045324217,10.82322094
Object 824,0.865867758,-2.167508659,7.842626428,9.926005389,0.635087632
Object 825,0.887079226,4.693926722,-1.50785819,-0.560425658,-1.133789212
Object 826,4.646776931,-0.948333196,4.397857073,8.982861817,-8.354663459
Object 827,7.467570521,0.582668791,-1.162092272,9.539941125,-6.404186205
Object 828,7.439378582,1.15591018,0.253606442,9.184440807,-6.439694052
Object 829,-9.863248829,-9.640969932,3.603606611,5.502868406,7.270786196
Object 830,-8.680271233,-10.05495854,7.02635574,6.570693951,11.22092797
Object 831,1.111254593,4.336463496,2.623896559,1.728464912,-3.589868934
Object 832,0.514066863,1.026172713,0.588641906,5.19681273,-1.707391713
Object 833,0.755291268,0.982387704,2.285563268,0.139368534,-5.011616409
Object 834,1.438010555,1.382019557,7.188545071,9.668911546,-2.135668019
Object 835,2.516067195,-1.003193139,7.740904584,10.60154331,-3.900544446
Object 836,-7.903629114,-11.77166113,6.145962177,7.759681134,3.721109393
Object 837,0.149032117,2.808877705,5.901151574,3.858693243,2.208213908
Object 838,3.052915976,0.306952501,7.763974549,9.945286695,-0.558186545
Object 839,-6.389086756,-11.22504924,6.149912017,4.797465276,7.400924881
Object 840,5.839207291,-2.427402332,-0.450180369,9.04201397,-6.319832118
Object 841,-10.36487226,-6.532126002,5.999409743,8.49682536,6.29198523
Object 842,2.336219767,2.91113402,1.47447332,3.553229052,-1.729466986
Object 843,-6.687345897,-9.141626776,6.751456015,2.256774016,5.83860369
Object 844,-2.535511088,5.205656251,0.687245726,4.216765252,0.610114785
Object 845,2.24051789,2.821269313,9.943815834,11.1749226,-1.212571661
Object 846,2.49500568,-1.278265949,7.608636754,11.43434346,-5.546522782
Object 847,-8.262528196,-8.540271097,6.207154393,4.580164979,4.212563948
Object 848,-7.358180423,-10.41773294,8.150996021,5.985410557,6.878940684
Object 849,3.571422278,-0.014564914,-2.067221964,8.830401168,-11.10673408
Object 850,6.13830182,-0.576552852,-1.782610253,8.456236005,-10.0613899
Object 851,1.736367956,0.695684813,5.448944349,9.973787049,-4.9238904
Object 852,-9.004238332,-9.880652845,5.992912181,5.38505078,6.245450467
Object 853,-8.083138506,-7.138628259,5.252459871,5.486647773,11.41229577
Object 854,-8.591919145,-10.80369822,9.154981577,2.877401781,8.23074455
Object 855,-11.6432369,-9.510909771,9.417817741,4.784098242,9.028118785
Object 856,-7.940078908,-9.930852209,3.467965141,6.103956137,8.458641455
Object 857,0.987669045,0.110879957,6.987883519,8.079913499,-1.197053198
Object 858,2.914035356,4.754950655,4.833558153,4.92578397,-2.140435565
Object 859,3.681530281,-0.451663602,5.323910252,11.7190101,-6.504189681
Object 860,-9.988018733,-9.780688301,9.016601096,2.421825832,9.118904488
Object 861,7.893318598,0.782017977,6.457116618,7.64008452,-11.06449271
Object 862,3.753589668,-1.328293225,5.315885329,9.330496218,0.354074398
Object 863,2.08741947,-2.595584117,9.431286409,7.499496002,-1.062396277
Object 864,-1.255387698,-1.168112862,7.179950181,12.18487111,-2.220185173
Object 865,-1.342570954,4.131925794,2.443853398,2.649329183,-1.75711895
Object 866,2.121586004,-1.571002847,11.42435763,9.328274614,2.132863156
Object 867,4.462061734,0.987140182,-0.01131242,5.327511509,-8.510899301
Object 868,6.765679143,-1.1664184,3.714465147,7.926744352,-5.184585874
Object 869,1.920764379,6.16460432,1.704634717,-1.946176083,2.469008146
Object 870,8.715108044,2.558544016,4.613754204,11.09722481,-5.549514248
Object 871,4.116621006,-1.760889562,8.757048671,8.471282894,-4.273510953
Object 872,-11.1093149,-10.5787368,7.91161989,6.846707808,6.91886866
Object 873,6.484898191,-4.608878734,1.555392976,9.339760106,-8.977838946
Object 874,6.176882348,-2.802711859,7.235452862,7.26013708,-6.617785754
Object 875,5.820625879,4.397679519,0.543980359,10.72104161,-8.711509288
Object 876,5.533193486,-0.384189649,0.891502513,10.31139439,-11.73633921
Object 877,9.055418718,1.706319676,1.156017153,7.272323216,-8.719958076
Object 878,-2.309660509,3.491643735,0.984727192,0.948474077,0.781464048
Object 879,6.152884295,-1.398294981,0.350209778,4.475369029,-10.40552191
Object 880,8.246750005,3.483653926,1.303524747,11.87884866,-8.530850216
Object 881,-9.469916702,-8.373516283,4.81177788,8.582152857,8.713170333
Object 882,0.036204313,3.870324386,0.194954516,0.540485476,-4.627762703
Object 883,-7.769629285,-7.584331726,4.773115645,0.799634744,8.35029697
Object 884,2.961418043,2.749492844,-1.40130895,6.671117502,-8.899851277
Object 885,-5.941532947,-10.61101832,6.371429982,6.8318155,9.541455074
Object 886,0.996968708,5.743854846,-1.59324579,1.504871469,0.018485661
Object 887,5.139331736,7.191047093,-1.659508066,8.919012167,-12.74814311
Object 888,-7.42196309,-9.078864798,4.351539785,6.221363391,7.491286918
Object 889,-10.15286264,-6.797172202,6.200149458,2.685426689,9.002845002
Object 890,4.310759608,-0.571804827,9.139022539,9.276197211,-3.864579333
Object 891,5.106216244,-3.436737681,7.540185187,11.53687912,-5.700627541
Object 892,1.983000242,-2.968562545,9.553668401,7.654002058,-0.584545951
Object 893,-8.88994011,-9.658078983,6.385206334,1.880191233,6.737089175
Object 894,2.104287149,1.734682731,1.846580538,-1.078340225,-3.882161938
Object 895,5.287389206,0.395833059,-2.297062049,9.303885188,-4.956267426
Object 896,1.701299961,-2.529707223,5.566836828,10.82780914,-2.91325255
Object 897,4.751781585,0.760942289,3.467770719,7.38511744,-6.549803446
Object 898,-0.901693067,6.33782931,4.901234514,1.68983683,-2.709709349
Object 899,8.728084909,0.148908182,4.686969137,6.808887597,-7.73490962
Object 900,1.903413338,-0.938918107,9.918596793,9.194719228,-4.229035245
Object 901,-2.709869022,3.347839319,1.095955893,2.138380257,-0.129989715
Object 902,1.442018701,-3.655726159,8.669547022,10.64901799,-2.23145509
Object 903,-6.326910971,-8.642273536,3.909963924,5.960840704,7.680168624
Object 904,-1.304122523,7.813759635,1.789290677,-0.633740729,-0.415330085
Object 905,0.618774135,0.948351307,7.559781658,9.324026419,-1.110386095
Object 906,3.022566599,2.936738357,3.034163196,8.789423268,-11.12791757
Object 907,-9.411901109,-7.201375146,3.376984337,10.83234062,4.227395114
Object 908,5.757547445,1.386527082,2.369578372,6.223971367,-10.01842655
Object 909,1.549079149,-2.670827286,10.09137327,9.482910816,-4.317684058
Object 910,-1.109988918,2.58963095,3.41019186,1.001304439,-3.285225271
Object 911,-10.85829372,-9.748310219,9.513510542,2.916317853,6.523530633
Object 912,2.379102704,0.402488689,7.238813678,7.42760858,-5.23384662
Object 913,-8.696253637,-10.07620082,6.195557678,6.87871178,7.44898716
Object 914,-8.810907635,-10.71731482,4.219788792,5.343571762,8.83715447
Object 915,2.779236865,2.435382245,3.52300311,11.6565934,-9.264263217
Object 916,-2.346926504,5.200177896,5.447630667,0.867948253,0.115907861
Object 917,-2.94919394,7.473428382,3.351203103,-1.380352726,-3.955706779
Object 918,4.026137418,-2.58850757,7.714735027,7.851174016,-0.891833282
Object 919,4.906507915,0.223405163,0.601782981,8.910726911,-4.687756053
Object 920,-7.93383263,-11.26466812,7.998137847,6.249511238,5.111996806
Object 921,6.093486434,-3.588570609,-0.002599826,7.289800937,-9.996978476
Object 922,8.011171181,0.414801368,0.2547674,10.95786229,-9.241896108
Object 923,4.989503328,0.074585677,0.187085932,7.259816222,-11.23966766
Object 924,0.014071202,-0.483850199,8.245633266,11.59632282,-0.349351276
Object 925,2.050773596,-1.172263748,11.26356296,7.737358027,-0.797188722
Object 926,2.919682115,-4.332832076,9.559756129,9.036081963,-1.354428443
Object 927,7.979772856,-1.699237346,-0.416399344,8.240313081,-6.534858127
Object 928,-2.288998974,1.168251879,-0.30304834,3.500519803,0.263616533
Object 929,0.938237162,0.039006776,9.213253349,9.822549617,-3.538410496
Object 930,-7.12148196,-10.69654376,4.264932007,1.778934983,8.536359551
Object 931,1.42477452,0.946410602,2.485198703,1.092102124,0.50442655
Object 932,-1.331630649,3.607863616,-0.651510195,-1.167622544,-2.400400688
Object 933,6.859034215,0.749584606,0.373037808,5.699013456,-8.928925579
Object 934,1.750075074,3.282177052,-0.305996847,0.841299203,-0.670240272
Object 935,7.938807715,2.393706558,-0.825561143,14.11134806,-9.230831485
Object 936,3.652434807,0.324186649,8.964211652,13.14227403,-8.299625641
Object 937,1.25164973,3.889897906,0.6990766,2.405646594,0.603726971
Object 938,-0.889308004,6.790426096,3.680615606,2.072182419,-2.537620648
Object 939,4.09634559,-0.338559912,-0.915756695,8.770257114,-8.45123044
Object 940,3.329475869,-3.861298821,5.888708081,9.751429371,-3.546944516
Object 941,0.181392071,1.874303423,5.954919544,7.9533698,-1.905135289
Object 942,-7.812462853,-8.506922295,7.950817967,4.468729531,10.82569283
Object 943,-6.11870107,-10.3068889,4.513442689,10.82608362,4.574294217
Object 944,-9.348301188,-6.489066751,6.866979582,8.633822107,7.030340131
Object 945,3.964428225,3.8934708,2.681402925,-0.810527819,-6.632883645
Object 946,0.942229251,5.062090799,6.573885423,0.813149357,-3.438794014
Object 947,-0.849888358,0.941350896,0.277324805,1.381899582,-3.304344528
Object 948,-0.320837704,-2.270336702,11.31671891,8.6862851,-0.496726539
Object 949,-1.024160616,1.214245134,4.431327106,1.531548884,0.314813634
Object 950,1.789280195,0.685280248,8.851595834,7.762329757,-4.733572662
Object 951,6.322414009,3.718506219,0.109004992,9.456588538,-6.646667278
Object 952,1.972374888,4.251402853,-1.321192534,0.672731695,-2.591883852
Object 953,0.283771183,2.714514685,2.451202101,3.061534097,-4.416784411
Object 954,-0.810878726,3.991739545,4.153453897,7.239613207,-1.147904738
Object 955,-6.861074528,-10.86598485,7.859750285,9.036994231,6.564574093
Object 956,-4.698295838,-9.65677694,9.806573336,3.937530817,8.626941296
Object 957,1.067787113,3.929419627,5.12082595,3.8363812,-1.217009162
Object 958,0.907258517,-1.045441481,12.17778991,10.59740379,-2.130007206
Object 959,-10.88335067,-9.916585463,2.840247619,3.149891776,8.861079631
Object 960,4.780317541,-0.494641893,3.780565666,6.258753914,-10.48688768
Object 961,2.485194305,-0.362563547,8.272254162,8.584862297,-2.836590968
Object 962,10.55495793,1.688989601,2.239935868,9.124477742,-6.580979136
Object 963,4.402955522,2.814277683,0.402390444,0.700758611,-2.853860586
Object 964,4.467928788,-0.382580532,6.218024952,7.065007238,-3.909373984
Object 965,-6.877972282,-6.297135567,8.782662193,8.781224971,7.686276314
Object 966,1.527471427,7.173886101,3.069745424,0.665204259,-3.421881203
Object 967,-3.148515168,-7.84816996,1.954722071,6.362083689,6.422853533
Object 968,-10.82350792,-11.02325169,9.319501235,4.035322118,4.330326764
Object 969,7.194388774,-3.748296902,0.568644826,13.02050016,-7.234005399
Object 970,5.924726769,7.432975489,2.570255282,11.84855489,-9.289445081
Object 971,-10.10635325,-9.907620442,7.502391939,4.004032204,3.167170612
Object 972,3.977549828,-2.72704638,7.083540084,4.528867467,-5.094659642
Object 973,2.215120376,-3.141148816,2.18950489,8.75985202,-8.031363682
Object 974,-0.849374372,6.537819904,-0.5765473,-0.02550555,-1.663387224
Object 975,-8.610979433,-13.99414014,8.110974405,7.764251499,6.715506877
Object 976,2.053018304,0.905819171,7.385806893,8.120771578,-1.181951789
Object 977,4.72657128,-5.435099035,1.266559487,10.17568834,-8.565556439
Object 978,1.717920081,4.587910938,5.095257243,4.336842275,0.33210621
Object 979,4.335601412,-0.402618625,1.601746832,10.56215928,-6.158654965
Object 980,4.953776335,1.938189927,3.49134064,9.226240088,-9.781192795
Object 981,2.619441503,4.31437262,3.656397128,1.05418401,-2.317361979
Object 982,-4.990715883,-11.81838915,10.94712724,8.615748485,10.24719303
Object 983,5.544160273,-0.494766647,1.675030148,6.551014275,-9.714813319
Object 984,1.810907721,2.415050346,2.531473817,-1.914262173,-2.707019305
Object 985,-0.655313005,3.288752124,-0.048492684,5.892064443,-6.01754731
Object 986,5.808000226,0.926644492,-3.026475482,8.157657999,-10.3607372
Object 987,-6.616409879,-8.613641706,4.296312265,4.8809766,8.317603217
Object 988,2.656641469,1.553122294,6.532147598,10.28288612,0.2751923
Object 989,7.038827741,2.324444492,5.309091118,9.467549891,-8.699554607
Object 990,5.437061069,3.728512151,3.059121645,6.054142372,-6.802490617
Object 991,5.273541271,-5.858589485,3.308139414,10.02329505,-2.495856917
Object 992,6.012653167,0.31959143,1.890368737,5.188236031,-7.477701608
Object 993,-9.393020581,-4.260987873,6.652260206,1.080237083,6.680183499
Object 994,8.019178514,-1.437211357,2.494629967,7.079044451,-9.591825902
Object 995,-8.381823607,-10.23032981,6.296542219,5.139894385,7.935210691
Object 996,0.790491079,-2.11044845,8.980962749,10.62836928,0.283198067
Object 997,1.37631366,-2.209946456,9.242631125,11.13154551,-1.588824518
Object 998,-8.039783464,-12.5864538,5.692329597,9.220685878,5.824106896
Object 999,4.007189481,4.213551222,0.692765325,10.32725002,-10.25282092
Object 1000,-9.863892958,-11.43956737,10.20050959,5.620647494,8.506170664
