Object,feature_1,feature_2
Object 1,-0.8072358426845737,2.6694629546280844
Object 2,1.9263584960720843,4.152430119150692
Object 3,-1.5001656305472684,3.101332514914699
Object 4,-1.1090503100045794,2.87786353598149
Object 5,-2.531226725436519,1.9196905331012588
Object 6,1.2665982669235119,1.9923020346500282
Object 7,-0.7660861192627355,3.0005445733360743
Object 8,-0.7300001120785176,6.25456272268018
Object 9,1.9701519189134722,0.3333626266357764
Object 10,2.2954069548480707,3.4213685088984715
Object 11,0.7375501782921126,1.4386718798977445
Object 12,-2.668805432425752,1.6069118908919104
Object 13,-1.2293896592669595,2.9619045375084707
Object 14,-0.15055573021024848,3.5731095745835653
Object 15,1.0149006303866832,2.6470722251264363
Object 16,2.5785292601209546,0.36008029137987496
Object 17,-2.2508327172805074,1.7982540276526684
Object 18,1.241671524338371,0.37602214996731786
Object 19,-0.27652528150343114,5.0812776832803
Object 20,0.31621375841241217,4.479606280744418
Object 21,-2.3957665600878575,3.574273012192425
Object 22,2.596041106733268,-0.9204139704456327
Object 23,-3.075158336070948,3.449856900340314
Object 24,0.6070882406040514,4.064408149872464
Object 25,0.759320508609846,4.7491805783431875
Object 26,-0.5645269358981297,4.367049321648722
Object 27,-0.3034190946577444,3.7183561231706173
Object 28,-0.4477908304360365,3.810467444086196
Object 29,2.8092589884113575,1.9629791520359317
Object 30,2.277730685441485,0.8092881367387819
Object 31,-1.2281903532298966,3.828527933563093
Object 32,-2.0495234296203835,3.960859855979499
Object 33,-1.8880171479617716,3.526844602987647
Object 34,2.102906000653002,3.2238558190849664
Object 35,-2.1676297374121045,1.7835706676108953
Object 36,2.7752512515760435,-0.20524255301743288
Object 37,2.3395820404308223,1.3130642861090638
Object 38,-2.629134204128996,2.893332837690744
Object 39,1.5591651874503156,0.8228586772575958
Object 40,2.5321658903551003,1.046113241318015
Object 41,1.6039644843303518,1.1633516349041728
Object 42,1.993629469260663,-0.5350718299961712
Object 43,-0.975534022935107,3.643895597718892
Object 44,0.5935348331714698,0.21422389314925505
Object 45,2.380137137229064,1.8947816407296965
Object 46,1.9821478754846806,-0.39971599601880303
Object 47,2.4778478937057606,1.445144232042602
Object 48,-0.6578976704031443,3.102063526036669
Object 49,1.7495230559490946,3.1199066872550723
Object 50,2.5894686922786496,1.2155487571761183
Object 51,1.153696220800248,3.902006391240128
Object 52,0.2566656899947022,3.490794338894313
Object 53,3.0943639618112706,1.3767588840361653
Object 54,0.9528469735250429,5.382982055560879
Object 55,1.5001611023807007,4.392209414493052
Object 56,2.261958033140881,1.4287061669159966
Object 57,1.7547887358474556,0.5426349288825627
Object 58,-1.251237463881131,2.209497208995016
Object 59,-2.5037993999572308,2.328302338787907
Object 60,3.6733217904331035,0.07325453861010223
Object 61,-1.0605244388399266,2.8234897549219378
Object 62,-2.532215885570764,3.0192894080013337
Object 63,-1.0661096855206498,2.516896103436722
Object 64,-1.3794696115709335,1.9404173840872536
Object 65,-0.7796205048912244,4.7547217892543046
Object 66,1.4287591711861414,4.401683472861017
Object 67,2.5257006662793597,1.2091107314920924
Object 68,1.6540328115216956,0.09758118385333558
Object 69,-1.3341750167221786,3.614320934724562
Object 70,-0.5056792700547423,3.626577534443549
Object 71,0.6672571094993729,2.6277835211184133
Object 72,1.7480606297601624,5.127291481412121
Object 73,0.8778175541210628,3.6403090410862826
Object 74,-1.4407271708417855,5.108780274572963
Object 75,1.2507864362704346,3.412872244452862
Object 76,-2.8916622433043377,2.896012352544043
Object 77,1.5227776022238102,1.5427189333978137
Object 78,1.2893377801973964,3.449691588146665
Object 79,-0.2663351681797561,2.817488757931757
Object 80,-3.133343702671738,1.5448287252911943
Object 81,-2.2577775991732913,1.2761790325233386
Object 82,-0.18108518064435852,3.9914950763226966
Object 83,0.303809630770544,3.9442341659078486
Object 84,0.7085365416525287,3.175775995978383
Object 85,3.139506027827185,5.640315276884782
Object 86,0.06750683258744195,3.8794697064704886
Object 87,0.2982442969820447,5.601633118099489
Object 88,2.662379193348924,-0.1505067468875363
Object 89,0.8903393115748823,4.498080265494162
Object 90,2.272447154071158,0.975874841030089
Object 91,-0.24166843304665586,3.9988236895939697
Object 92,2.122759778673685,0.9140017440508293
Object 93,1.0237850611176202,-0.5323275987475116
Object 94,-0.9727764348951357,2.247756363605826
Object 95,2.2532348113778453,1.979598878415202
Object 96,-1.4583047857412448,2.6456061601880423
Object 97,1.6700432312366276,4.144213889302123
Object 98,0.231010865495048,1.2012675643999382
Object 99,1.923522046320243,4.1487772343575555
Object 100,-1.6756701654555846,3.0138864663028926
Object 101,-0.3165868311769535,4.570838196797573
Object 102,0.3397791351097217,3.6753505913945266
Object 103,0.9615376011092227,4.613851794347292
Object 104,2.7869264484632703,0.8321752847934538
Object 105,-0.05797276323796963,4.985381845730017
Object 106,0.5730931315733154,5.526232397830817
Object 107,-1.069594366501094,3.880224006147468
Object 108,-0.163532376880279,5.08874484868889
Object 109,2.3858002646677936,0.7523892027331676
Object 110,2.9262293036044973,0.01969304340206668
Object 111,0.9519439541475594,3.5657564182427013
Object 112,2.0052055711413495,4.231500319888385
Object 113,1.7907899010343615,4.36271291663002
Object 114,0.5838810803968584,1.2576442726484633
Object 115,-1.6695917252953705,1.6902458409227148
Object 116,-1.5082766425605498,3.9722072362372005
Object 117,1.6485648355589304,4.711249163689501
Object 118,-1.280137989241935,4.443839822217932
Object 119,0.2817022188151296,4.15415278712072
Object 120,3.634132715849366,0.10216310988464583
Object 121,0.6115765341548096,4.460491182720754
Object 122,1.9977980029674833,0.5064466077639206
Object 123,-1.7662006043642495,2.671088703544371
Object 124,-1.2633339801152417,4.705286382538677
Object 125,2.509049292904953,5.7731460973486755
Object 126,1.7784445266589897,2.021568965552376
Object 127,-1.1260183341177843,2.9082250248002146
Object 128,-0.4727261042829827,3.8687159583369226
Object 129,-1.516718494509832,5.116178600003615
Object 130,0.24722541975179935,4.500344728177175
Object 131,1.886448986639087,4.621005542639692
Object 132,-1.5192865149037473,3.8047469479158837
Object 133,2.075929674433608,4.959051058170988
Object 134,-0.24916544028367293,5.148150303849937
Object 135,-1.5871915468610245,3.195963309301067
Object 136,3.280186776230437,3.2437715047268427
Object 137,-0.7922683721305357,4.659269120192159
Object 138,0.9076565765897426,0.5395495844580801
Object 139,-1.7981113531120694,1.6007074725273285
Object 140,-1.5661720042598586,1.9689494504833593
Object 141,-0.3302567731888215,5.961918007066578
Object 142,0.4305581045287127,2.4192014824689423
Object 143,0.9080284732218639,6.017130049097757
Object 144,-2.0378301944541684,3.692610580400285
Object 145,-0.5359948395370602,2.7311731495233436
Object 146,-0.10492845392944061,3.3742456248139083
Object 147,1.6660882430812833,5.605633557013388
Object 148,1.4424365045805259,3.933544886744047
Object 149,-1.4263228044929421,3.4570435354473195
Object 150,1.918738197766889,4.036192581213042
Object 151,0.03182382262824468,3.8937376342458414
Object 152,-1.9573659251076982,4.067261644700247
Object 153,1.5903494488925753,5.225993999014917
Object 154,1.852102840133826,4.188679858961163
Object 155,0.7693664023825233,5.183966239529172
Object 156,-2.022699507767115,4.134459975076063
Object 157,0.301937417889119,4.335617885722741
Object 158,2.725837971743788,0.19015796242735994
Object 159,1.2729005545307883,1.522782316371667
Object 160,-0.7248522744813894,1.0713502796684498
Object 161,1.4394004078651021,4.582883091840843
Object 162,1.402528809324596,4.980695362478635
Object 163,0.5913902693652195,4.398138916765464
Object 164,-0.12811326088195552,4.355952406709364
Object 165,2.470754623037864,2.2338023024348574
Object 166,0.9605879669439403,4.464715495746613
Object 167,-1.8328565883202974,2.4794078032985167
Object 168,0.2842202307621039,5.840164381694188
Object 169,2.2747770772259233,1.2907265939180284
Object 170,1.7303325631123787,0.1863573001951483
Object 171,1.9966809702990171,0.5801205660077375
Object 172,-0.07109606138506197,2.9733744867769256
Object 173,-0.5255729958751758,3.515094765736548
Object 174,-1.6077156261656464,2.214023225342676
Object 175,-1.3279145188167176,4.906614179928514
Object 176,1.2018787330175988,4.753499427680382
Object 177,4.581635761788876,2.6675850481346703
Object 178,0.7146246328355943,4.121542543658447
Object 179,-0.21258917923753384,3.7969709731497026
Object 180,-2.2892655499495147,1.4709419265773143
Object 181,1.0739950462613506,4.8867410072016835
Object 182,1.5435603563991644,4.081112226933236
Object 183,1.6426531605784094,3.843067540059837
Object 184,0.5528709520511652,-0.8800032947957694
Object 185,2.5918640419997017,1.3023591155522372
Object 186,1.7476760272233407,5.333226156231158
Object 187,0.1588882894373982,1.269836054966943
Object 188,2.1068424642027668,1.7649402887463648
Object 189,-1.4141660719861682,3.5751499516379
Object 190,0.005165508102010441,4.6186045319642135
Object 191,0.6324726128065352,2.819988415382335
Object 192,-1.207785613135623,3.2251470418387136
Object 193,3.0857057888484825,-1.149659953120025
Object 194,-0.17886823279718667,3.8255810593210215
Object 195,-0.6137020889697278,5.129186594572616
Object 196,1.433685684767486,3.3391753137146614
Object 197,-1.393316826680108,5.167839627946038
Object 198,-0.2691597957258671,0.8312472819125802
Object 199,1.2521261340912497,0.4333259685024452
Object 200,1.3353269892909831,0.004089257623745568
Object 201,1.1182232418672746,3.984458910303295
Object 202,-2.2996758962001076,3.7999388606961335
Object 203,1.297396661007712,0.8475795656531148
Object 204,2.262254085626788,2.796788929234118
Object 205,1.1845450566233553,5.2804263639321025
Object 206,-4.521516873449524,3.798819822414094
Object 207,-3.324359817588803,1.854449323178516
Object 208,-3.1761209876390373,4.3164443534586585
Object 209,1.1588977988806977,-1.0650683492028152
Object 210,-0.29421491993923854,5.273184035606401
Object 211,-1.3116635455822938,1.9115167396545725
Object 212,2.715142756001006,5.298181718763889
Object 213,1.3470950798275971,4.445849132635626
Object 214,0.5094245324937325,2.8868812143221305
Object 215,2.294413102086665,2.2955599210246724
Object 216,-1.8534649909011132,2.9096723790635086
Object 217,3.235579029237347,4.2615301757877475
Object 218,-1.994397186879759,2.055388961608389
Object 219,-0.7218357408857594,4.691067802843453
Object 220,-1.0544143892349993,6.368280188807709
Object 221,-2.7794973547252244,2.3315622361219903
Object 222,1.4300519911821792,2.4740469164438585
Object 223,-0.9275346406996083,2.66156536764348
Object 224,-1.690158962055084,2.831426978622076
Object 225,0.8425685188780558,5.3815311334246525
Object 226,1.466038534922728,0.4491986537338776
Object 227,-0.6376277690114565,4.091047047234421
Object 228,1.8407062774060008,3.561622307041948
Object 229,0.7520111442948547,4.00153759699332
Object 230,-1.9943450228478117,2.0577288764084596
Object 231,-2.1698565665747958,3.067997488339252
Object 232,1.0549371724791725,2.571649366948647
Object 233,0.28122779735707004,3.354520735962416
Object 234,0.5740215592355795,-0.3748944750943801
Object 235,1.723458412751127,3.114842372244654
Object 236,2.1298539279764315,-0.17943540946605796
Object 237,0.528104715865787,3.654449399718002
Object 238,2.652174002680832,-0.08962303351971557
Object 239,-0.17146131062748715,2.519734132583048
Object 240,-1.9556060788077343,2.2800417048595385
Object 241,-2.267770717425978,2.3095911112516276
Object 242,-0.9227672727792212,1.2882986585846845
Object 243,-0.8838494678826126,3.5061071904510595
Object 244,-1.096132878276264,2.7679906695999836
Object 245,0.9867700992673155,6.089657821354225
Object 246,-2.3356215452014393,1.813758275533861
Object 247,-3.6480804581243413,1.0790356575746243
Object 248,-1.387903738594685,4.324121509153633
Object 249,2.0950342560193733,-0.6693310509236656
Object 250,3.0159609198935375,2.226726506477619
Object 251,0.7068544336767579,2.162646989794193
Object 252,2.611230201142676,1.7901375472694672
Object 253,-2.342179674358364,4.719096252141657
Object 254,-2.5675032433070504,2.6022791379472645
Object 255,1.0121380233975223,0.040585471266772144
Object 256,0.5768210492836199,4.673843215295909
Object 257,1.9404921966620798,1.20641490177455
Object 258,-0.07228288652059756,2.883769390269415
Object 259,-1.274572581837384,2.527084265252109
Object 260,1.2931530095103798,0.009883523302001485
Object 261,0.338833052994266,3.9065155131195923
Object 262,1.9270255474051758,0.6258920934472402
Object 263,3.2766524808920763,0.7048218313939721
Object 264,1.1987182131986684,-0.6439237397338506
Object 265,2.932182386797189,4.693880650136316
Object 266,4.204842056300165,0.8074198102721862
Object 267,-3.1532259510487357,2.7830598102387687
Object 268,-2.2064970557660493,2.353564351650634
Object 269,-1.6473106518863152,1.4385662813698692
Object 270,0.2884324675178127,3.0897099243542696
Object 271,-1.3143169667843688,4.464913758323967
Object 272,0.453431472460341,0.010482718092896581
Object 273,-1.5079819093397107,2.8358481081876388
Object 274,0.13370354667260864,1.5012787789074822
Object 275,-0.9842932297231091,3.6338211547701142
Object 276,-1.485821787078026,3.511348180936362
Object 277,1.0914179516865872,3.924639764568467
Object 278,1.919316165869013,1.5641101602588336
Object 279,-3.2571800747719912,3.5066246681406295
Object 280,-1.0606139696717158,4.632713870009166
Object 281,2.745696545815927,1.6943357683026083
Object 282,0.4966142645385474,4.924145625791903
Object 283,3.8771826192932837,0.822013189349514
Object 284,2.9913966697439602,1.576043758778407
Object 285,0.5650021335255797,2.393803296889569
Object 286,0.323861496159475,3.912833952260789
Object 287,-0.645772916122273,3.9508714558530684
Object 288,-1.109103430015824,1.6776659249253525
Object 289,3.426256527723999,0.38782041779945775
Object 290,-0.7518807499977351,3.3507198828331166
Object 291,0.6844327157986323,3.5422951156367666
Object 292,-0.8277678595032116,2.619122660763187
Object 293,1.6897164314468407,1.8357562008435824
Object 294,1.2414730382015722,-0.5514539507989935
Object 295,2.3080710268520326,0.48964895089803995
Object 296,1.913012542081752,5.716115033485833
Object 297,1.6747272276538312,4.30755821653466
Object 298,3.574026858396458,-0.2734968015121435
Object 299,1.1713397756978763,2.5222244717427986
Object 300,1.743291413516665,0.057373264458630335
Object 301,1.2987739925521296,1.199177717334703
Object 302,3.829926082406211,0.5045104651838239
Object 303,2.8259405758962215,0.7672239261546095
Object 304,-1.1128126594283103,2.4106477994382
Object 305,0.6288194260479318,3.722518850588065
Object 306,0.8403203778681743,5.440678690051085
Object 307,2.4147719210038883,0.7530968430042009
Object 308,1.4201333112919208,4.637461654822657
Object 309,-0.19685332656766485,6.247408513097683
Object 310,0.5126741039004008,4.785268801221852
Object 311,-1.079879856336227,3.023602256800278
Object 312,0.844361438766528,4.708549139488888
Object 313,1.1536668275470952,2.7170737473374573
Object 314,0.6283579292203425,4.46013629655237
Object 315,-1.4879953073656904,3.5444465120784834
Object 316,1.3988038464613464,-1.9368908453367655
Object 317,-0.9600097273000119,4.492565924242219
Object 318,2.5842111398494603,1.143811448622781
Object 319,1.3722767912081404,3.210725818717884
Object 320,2.27951974239856,-0.7810247028907198
Object 321,2.987526760009632,4.2591919009925325
Object 322,1.0828646320803803,2.243884733160237
Object 323,-2.899946564172801,1.8501402503140163
Object 324,0.9592496646850545,4.682939063003472
Object 325,2.4197487706733836,2.368985616080275
Object 326,-0.7090421820369096,3.1560824533551615
Object 327,3.4664395853224894,1.6834674867691093
Object 328,-3.1316425430828927,4.376597011009117
Object 329,0.5916246554039772,3.859951234293192
Object 330,2.490075479164036,1.4377581204627428
Object 331,0.8602807161642176,0.3972539926336729
Object 332,-2.892066890447074,4.86498090415348
Object 333,-2.538678097327394,3.0028503983708306
Object 334,-3.0849025414053015,2.410847491567785
Object 335,0.5411165268248577,6.153051055927731
Object 336,-2.520265388645041,4.959954411160076
Object 337,0.8581060334179254,3.6236091234515397
Object 338,-0.42860047248939304,2.780043082737029
Object 339,-0.3396373319650261,3.8422027226336812
Object 340,1.8139297299797734,0.01947331712786371
Object 341,-0.04177179674086973,4.225932571507539
Object 342,1.202681674262231,0.9206234155458883
Object 343,2.8106632170962165,1.7650710712928548
Object 344,-1.1425806080106602,3.927594116144837
Object 345,3.4405290681551084,0.5945654065138641
Object 346,2.8279623585352596,-0.7639346311766269
Object 347,2.157648679834781,3.6718835694432226
Object 348,3.0278033105754147,3.0315319071424742
Object 349,0.7342502486762755,5.822048497804095
Object 350,2.4963004287060295,1.0764565256711167
Object 351,1.3280501892278533,4.683022860983977
Object 352,0.5626510977867477,3.5563325160076324
Object 353,-1.7098089940788563,3.814130686689282
Object 354,-0.1240592731216621,3.253726982738436
Object 355,2.0656168359991773,1.6176974192795897
Object 356,-1.6868438009789481,2.085924768115998
Object 357,1.8341940028388315,5.444889194105963
Object 358,1.1203136497073731,5.758060834411365
Object 359,0.34818251890491614,3.822760208987602
Object 360,1.838866089874946,1.6481682344734572
Object 361,1.1962951329885356,-0.0012784965275991489
Object 362,-2.3665364603950967,1.5496371659947321
Object 363,1.4297104863236245,1.8898004884564426
Object 364,2.9766759192434593,1.3584781370867673
Object 365,-1.9272528282353287,1.4455593328666332
Object 366,-1.414346482315451,2.2623372318487647
Object 367,0.25067270008291076,2.9204233720533344
Object 368,-2.186846718324243,3.1308994287630103
Object 369,1.189750127456664,3.0952136737151688
Object 370,2.887918260897356,1.224729869058959
Object 371,2.0404098180781753,1.719069596962748
Object 372,2.2145179898065805,-1.0608852951986019
Object 373,0.4164602143107001,0.16435085235427116
Object 374,0.700599543985938,3.5940593616015017
Object 375,-2.3627600807035267,1.975788672460007
Object 376,1.136154076562934,1.090417509003153
Object 377,-0.2571392629076015,2.208028079187019
Object 378,0.1629058193422922,2.837362999645876
Object 379,-2.730639205421685,3.3349257643007264
Object 380,-2.1109975600168247,3.2529878815291218
Object 381,1.1401986509990816,4.400108683369587
Object 382,-0.5727144323231405,3.462027013691131
Object 383,-0.6404124738622895,2.6457505053149144
Object 384,1.7145751775549476,-0.3655092521472174
Object 385,2.3853026359431895,3.1236079916761956
Object 386,-1.924816111812747,3.7004611421751004
Object 387,-1.7351891163169018,4.492253498808695
Object 388,0.8776385589502471,-0.24253264099702476
Object 389,-1.9976465114046327,3.190678650863387
Object 390,3.015315262582806,0.48116457750124436
Object 391,-1.3722351795755732,3.9594506501517044
Object 392,-0.7015317811343906,2.619559092337289
Object 393,1.4638648536247671,2.022082844448305
Object 394,1.7965918758079167,5.6637358691278745
Object 395,2.1550496497061458,4.123862491636039
Object 396,-3.118351888679937,2.9211044777762787
Object 397,1.2558451218897813,1.1384511696798754
Object 398,-1.4403208330564863,4.337137307244074
Object 399,2.0219482385877248,-0.6331398374615558
Object 400,2.5681039790256346,0.5713451977796187
Object 401,1.9116880097165574,0.5156382109875532
Object 402,0.622276167293011,2.928836034030371
Object 403,-0.6066683187885868,4.914166706555595
Object 404,0.5889432611385428,4.001484576873055
Object 405,0.9506509239064072,0.8667274026639779
Object 406,-2.3620967034133886,1.9711418503759333
Object 407,0.2715698026902613,5.247048052417885
Object 408,1.7544836449568508,0.23705506596094483
Object 409,2.4761858056085346,1.1442658461992712
Object 410,-1.1230079923859315,4.854594723735675
Object 411,0.377616141623509,3.1878903414879955
Object 412,0.8657294213140224,5.32396003916419
Object 413,-0.4232100557597551,3.318412945931829
Object 414,1.5195819699340147,4.742830285120433
Object 415,-0.8390226220471508,2.9677395279329453
Object 416,3.359414853410437,5.248266814438804
Object 417,1.2035383241792879,2.7203872600658965
Object 418,-0.05978849375492956,2.303029098662357
Object 419,3.351417388960761,1.5141229725640921
Object 420,-2.4840621114973156,3.931854415445284
Object 421,-1.2792941508556943,3.2812804838127865
Object 422,-1.509388399943687,3.2415080259422413
Object 423,2.265116999355933,-0.34296093961829066
Object 424,0.7856165849650957,3.9089378134149397
Object 425,2.3408019266489664,3.6143381428984522
Object 426,1.2553538982922132,0.6775878801175812
Object 427,-1.18867853953679,3.569663523033739
Object 428,2.4034367566746866,1.5609217496171108
Object 429,1.2647444995998007,-0.009636461587390177
Object 430,-1.4592697831549857,2.4548605072240717
Object 431,0.21212615464005202,2.8659958536468118
Object 432,-1.5131555258863718,1.0731810977050766
Object 433,-1.6829021594502458,4.910106851807771
Object 434,-1.3760858068893116,2.6624114751453534
Object 435,-0.8493469796341883,4.22506610641438
Object 436,0.3670374936614458,0.7851976773783841
Object 437,-2.0555746721573938,2.809878424552165
Object 438,-1.4963574321812885,2.8809987304880558
Object 439,1.705485341321341,2.921135609707911
Object 440,1.766262310478645,-1.100975815645436
Object 441,1.3151742037624397,6.324830888933187
Object 442,0.4228442193648947,0.8305295053234151
Object 443,2.859420775602749,2.9560282663059434
Object 444,-0.17119857386460735,3.8659672827039557
Object 445,1.0220285958479411,4.116603477422556
Object 446,-1.0673191083878493,3.1979401213708027
Object 447,0.04338720218816894,1.4873672655126606
Object 448,0.4334086025297773,4.719837373709815
Object 449,1.7788346764170408,0.6380866781038974
Object 450,-0.5927242647221805,1.5263769919289032
Object 451,-3.0598250666520332,1.2059120972389015
Object 452,2.663423949033519,2.0126259828853392
Object 453,0.17064357100712724,3.185475403126758
Object 454,1.2770839999767558,2.6344386169146476
Object 455,2.201140642740155,4.368643433791966
Object 456,0.5810410958921407,3.144366811048477
Object 457,2.4080841279272565,0.7448892363925281
Object 458,-1.3123499614680334,4.555271742469927
Object 459,-2.3011990937087097,2.6484924828818825
Object 460,1.3875472350734785,1.224626255342394
Object 461,-1.996214749501012,3.7935779401126295
Object 462,-1.8711004696892866,2.665171589291516
Object 463,-1.3290758453720375,3.015633063755308
Object 464,0.6333476497924411,2.8956197396879415
Object 465,0.9146436764508477,4.196482051157215
Object 466,-1.1202469257550243,4.119580117000629
Object 467,1.274508252752551,5.6301732241354205
Object 468,0.4734533779039568,6.7162410069921386
Object 469,2.076554416766869,5.601809299774612
Object 470,0.9340986272559161,4.016900135058482
Object 471,1.3526956097021245,3.2043865368641953
Object 472,1.2631745665498415,1.9831930516576484
Object 473,2.088357272571638,0.043502399123582336
Object 474,2.1048641430610635,4.799788273792352
Object 475,1.0981200482818612,-0.45076065918376407
Object 476,1.6015015295736825,2.701729671841642
Object 477,0.42196045197519416,3.8331496692935985
Object 478,-0.07835838543851881,5.124035164773071
Object 479,-0.18428200271155215,2.177946408367863
Object 480,-2.3821444704727694,4.175101912162117
Object 481,3.663789677381602,0.336084910334716
Object 482,-2.3160061934785556,2.919130717121609
Object 483,-2.450816029031907,4.330033959631754
Object 484,-1.505046655002034,2.9604213353629136
Object 485,0.9092670949254347,0.9447297545964305
Object 486,2.421116309349736,2.1954889269115223
Object 487,1.7993098522186095,0.5496172802953174
Object 488,1.2998047950672444,-0.3035378590794524
Object 489,-1.137810044356185,4.088923325953611
Object 490,-0.37165534408262535,3.5422139391918313
Object 491,3.379626271428717,0.7254628672410542
Object 492,1.0257650601965858,4.797624103729346
Object 493,-1.3610404905683682,4.247023544078676
Object 494,1.4973349549992536,3.7279993576353236
Object 495,4.069327676351346,0.5908978839109322
Object 496,5.226242294723058,1.0871632974858503
Object 497,1.3015630552522772,1.0353534858412843
Object 498,-0.04197841452195128,0.7939922432875637
Object 499,3.2460247025341027,2.8494216528496255
Object 500,-0.6417164720129781,4.391647076471528
Object 501,1.2934307048391838,4.823827942019258
Object 502,-2.1250544657383914,1.3978429761410591
Object 503,-2.8272508454402443,2.114031857301603
Object 504,2.7327296907792897,0.9494840494203584
Object 505,1.1162859487550927,1.9146846513511815
Object 506,1.8930490738561871,1.6670938381152407
Object 507,2.1062217984441673,-0.8965656115517842
Object 508,0.622838329789296,2.6873131387973572
Object 509,-1.2995580630784245,4.53213180861335
Object 510,1.871530351436425,5.67875139384138
Object 511,1.3875548008623189,2.5795854000110747
Object 512,-2.510022196967613,2.019560289901107
Object 513,2.074059313207136,0.30388621215926936
Object 514,3.3802815743196932,1.1029962237158966
Object 515,1.4080860895851173,1.3699108100257855
Object 516,0.21372543267342548,2.6243972064437453
Object 517,2.306265637441202,1.9524215851182196
Object 518,-1.5567601348582716,2.799711476966531
Object 519,2.0447794778625044,3.8504015235970024
Object 520,-1.4216718761626295,2.8262228532327396
Object 521,1.8331006904491862,3.652761734148243
Object 522,0.08080351735281943,4.690689825307652
Object 523,-2.1307435660180563,1.7683281980760046
Object 524,2.5363826478217133,3.657018773959519
Object 525,1.8179013426201314,4.054328747287441
Object 526,2.8110078103274203,0.3585310231849469
Object 527,0.3404240001676141,4.9802206223948895
Object 528,2.457893052562913,-0.878224340023892
Object 529,1.5994421736335092,2.3238224119572033
Object 530,-1.3218173879900517,4.07941606489224
Object 531,3.4477859708671503,1.9352493269885709
Object 532,-0.09533625577261451,4.380096432113542
Object 533,2.3746993547644086,0.7598844456521662
Object 534,-1.9391757678264483,2.514423077912322
Object 535,-1.0464795171041186,1.9496961974260179
Object 536,1.552860895161436,4.095488571870395
Object 537,-1.0796919257670738,2.3017611380096437
Object 538,2.3520006939269913,1.7276498190190401
Object 539,1.2895653269547918,1.4534506240208098
Object 540,1.4749603534563225,5.351759483416442
Object 541,2.624405010754055,4.468015082935724
Object 542,0.37895400958113235,4.065865597712383
Object 543,3.381729163798571,-0.06694276426832713
Object 544,0.34194798486553146,3.941046161461252
Object 545,0.23436211419795772,3.6719779249893656
Object 546,-1.7272574932268927,1.2038361452841264
Object 547,-1.2802550579694592,3.52587477073952
Object 548,-0.7049481369479385,3.41481596935294
Object 549,2.248131476983264,-0.259353620877931
Object 550,1.0427873009296629,4.606259225188172
Object 551,-1.3113509594332207,3.4858896205595427
Object 552,2.7856193118098975,2.002242133509413
Object 553,-2.1801887151497943,2.996396286507299
Object 554,0.04352916775211724,3.0407189783461144
Object 555,-1.8828555062687118,5.458113882092294
Object 556,1.176106892597803,0.6665620523449403
Object 557,1.2001136418594058,4.633410309576128
Object 558,-0.6563644476880002,2.736019603139936
Object 559,1.1755702754429602,4.253183786486724
Object 560,-3.2501322639382284,4.715421648459028
Object 561,1.4888276677006587,0.5899723825709351
Object 562,1.6537099769335344,0.4291876152582137
Object 563,0.04611357602217381,4.125198235361061
Object 564,0.9305661178862602,4.5242949832055634
Object 565,2.044121909591037,0.9091625598079992
Object 566,0.16290562811553655,0.7198505162349242
Object 567,3.7675727427761743,0.1055486393727868
Object 568,2.1868414893409467,-0.507896387453953
Object 569,-3.1653276389636975,1.141493644986547
Object 570,-2.7866913566271756,2.9465027655209055
Object 571,0.7912164075371535,3.4961388398320343
Object 572,3.1725728369695423,0.37876345551308477
Object 573,-0.6003457122548089,3.4759641419517884
Object 574,-0.7220916239945554,2.049397634718736
Object 575,3.478251017948984,1.293750244894497
Object 576,0.6845075388898174,1.7633165827537902
Object 577,0.01576569691334706,3.5106699647407185
Object 578,2.619276056506687,-0.3868886380545904
Object 579,1.0132758004566447,5.071689735181094
Object 580,0.20635400410117866,4.843036518740207
Object 581,4.64969210920103,0.4936313660869997
Object 582,-1.3704277562756064,2.701538283037397
Object 583,-3.9644683724212615,4.032806820823403
Object 584,3.640088048781896,1.545631450947825
Object 585,-0.9694330046174637,3.391003833313098
Object 586,2.1156707630897955,3.0689615070947376
Object 587,1.7053606407240318,4.4327702382058005
Object 588,-2.9020884925391464,3.4188744935130693
Object 589,0.9162593283159126,-0.3167377230213222
Object 590,-1.5767197372875836,4.957405922888751
Object 591,-2.6604968388603645,3.9146419041529383
Object 592,2.7089912654656283,4.988288434307581
Object 593,-1.2408914862437874,3.8964495587791657
Object 594,1.616401604644087,2.686831283137556
Object 595,3.2005296944521024,1.2441581019446977
Object 596,-2.0166290355949323,2.6385855920547505
Object 597,-2.1739575396046646,3.089125806485335
Object 598,-0.9043848729169077,2.2866903195862656
Object 599,-0.6535921771514932,4.117618437748161
Object 600,-3.211421268646788,3.7244460292293824
Object 601,2.34438802671169,1.3105344803841115
Object 602,1.9509240299381854,-0.09033828255579757
Object 603,1.4995467390782489,4.132240996226142
Object 604,2.8072141091100735,1.4606533785240647
Object 605,1.776834881977492,4.382047502610051
Object 606,-3.1462639961194476,2.406841797753013
Object 607,-1.394992257434493,0.9373166702641831
Object 608,0.5062371958456202,4.087055856872851
Object 609,1.549909204168468,0.08187211794396554
Object 610,0.0884843309163823,2.322990859224463
Object 611,-2.092401819596562,3.3939136447712372
Object 612,-2.6062471792469006,2.803656709882943
Object 613,1.1312175042434114,4.681949847050563
Object 614,1.8327905111899576,0.03874375213026526
Object 615,1.6539697162993678,0.58100836488583
Object 616,2.216826788671046,2.4610684049668663
Object 617,1.2561946775897332,4.205636937805432
Object 618,0.3177171117414913,3.789553361508401
Object 619,-1.02794563695242,4.680663848299282
Object 620,2.2625382684064967,1.2053962346173688
Object 621,-0.7089264059670997,2.638967986229883
Object 622,-1.333690459988209,4.215224350426014
Object 623,0.8286458620362624,1.865109809988172
Object 624,1.093669832796334,2.170409083267743
Object 625,-1.8903417933379567,3.6969334814661146
Object 626,-1.883775541247504,3.4635395848031503
Object 627,3.320345359521644,1.1091606726698149
Object 628,-0.02394526884306969,2.7590162306707784
Object 629,-2.643853566968629,2.882585521730207
Object 630,-0.3785534325307791,2.00703188369447
Object 631,-1.6882775494996847,4.712331066558196
Object 632,-1.9756710263274044,1.1736945047791676
Object 633,-3.1910769983880787,2.791312929693733
Object 634,0.8730512267529372,4.714385829386762
Object 635,0.9369872603189995,3.1356938297071926
Object 636,1.9999149734104884,0.6337263113452489
Object 637,2.2833208465569452,1.0991436066423697
Object 638,3.4566123527248376,0.48728186628006626
Object 639,-1.07075097739485,2.560303229364525
Object 640,1.887053298665804,1.2755737616764118
Object 641,3.9048587681125144,0.6834970037378526
Object 642,0.020325078053718082,3.9578055517490034
Object 643,1.8452335654432903,4.580659233294518
Object 644,0.23670708215518177,5.846801922855126
Object 645,0.6653839068480234,4.401187493717173
Object 646,0.06344785310233647,5.4208036155442425
Object 647,-3.219274450696014,3.647228607613549
Object 648,-1.2857000490029529,4.045665891460925
Object 649,-2.151931403906577,2.5274895673476148
Object 650,0.5353474462539036,4.023431832263881
Object 651,2.3242915946091247,1.4225815235838195
Object 652,0.522466037494494,4.707051867611637
Object 653,-0.6677998204363748,2.10825568529301
Object 654,-1.0840578994751664,3.13627933446306
Object 655,1.9256908854722559,4.391338568833581
Object 656,1.637790171547844,-0.19983299483230788
Object 657,-1.4887766291269708,3.4305997848055214
Object 658,-0.3579883928562584,2.9570698216508347
Object 659,-1.5720173169152403,2.997003985262658
Object 660,-1.4807689542662206,1.9595077811065613
Object 661,-0.9885744099457285,2.7754368438237536
Object 662,0.33265167571360454,2.0803841752239634
Object 663,2.0674995050716953,2.4669232744738414
Object 664,1.6671133289506284,0.8377356572668462
Object 665,3.363936273785057,0.8718651016834498
Object 666,0.06897171416325287,4.355732723244529
Object 667,1.1950050694753591,1.2259649549386922
Object 668,2.8798247409971145,1.4288420264736321
Object 669,-1.499141881596404,2.4923400485616747
Object 670,2.128601643329615,5.383405919485211
Object 671,-0.6475140713085353,3.5533067878871183
Object 672,2.8294281312516945,0.12320469116711097
Object 673,2.778368015170676,0.9222757851858484
Object 674,1.7978557905962909,4.3090799737477505
Object 675,1.6936682406512582,1.9622487960657886
Object 676,-0.903450403797523,3.8085539427645174
Object 677,1.533687843439505,-0.28702293047361516
Object 678,0.9243257058531706,2.706676277701603
Object 679,2.4703491517041014,4.098629063682589
Object 680,2.5843127597673097,1.3202922816467626
Object 681,-1.1712004974979209,2.4405959909298933
Object 682,0.5074058905796994,2.102346041947832
Object 683,-0.4296928377214042,3.71372968157885
Object 684,0.773373237779828,4.193904548139076
Object 685,3.022035532599338,1.4057315693294146
Object 686,2.1536454282483537,1.2790799141471076
Object 687,1.619584543609423,2.7331639188149373
Object 688,-0.9584450942976285,2.5850704964809132
Object 689,-1.9845446075114315,3.289693342830616
Object 690,-0.21176634750093304,2.594424788849699
Object 691,3.6724941311100747,4.229862661167975
Object 692,-1.0281770549099734,2.179950481091893
Object 693,-2.4497273282187333,1.4665437631420977
Object 694,1.6489643909878153,0.0336186688355673
Object 695,2.754648005020695,-0.16355862750797234
Object 696,1.2605497493537097,6.046456108104021
Object 697,2.054467382260733,1.7446026611042935
Object 698,4.40191455195944,-0.3814974470903214
Object 699,-2.5257528093172734,2.1777454705936092
Object 700,0.4727730434511195,3.141265554520577
Object 701,1.1031821712501149,4.705776690893091
Object 702,2.442848794120673,5.156339266909622
Object 703,-1.865586198667303,4.952644805354277
Object 704,3.6480382758503618,0.6390910282611656
Object 705,-1.013987166394129,0.37664345364489815
Object 706,0.47823762785419016,6.2333193812653755
Object 707,0.6103273223595063,-0.3128793341854148
Object 708,0.03437558573390165,1.977612025375918
Object 709,2.3308681954169344,2.3327130467270916
Object 710,-0.13637004614796733,1.2765336525100937
Object 711,-0.05366520476248149,3.953843962859285
Object 712,-0.20288785209119276,5.605215399113151
Object 713,0.9848979774640714,4.8307915359030495
Object 714,1.9057751900260231,4.8860119188463145
Object 715,1.6306042190000123,0.06769906239997492
Object 716,1.6011871589172728,0.9836156333723215
Object 717,-1.868582110817786,2.942173175470903
Object 718,1.1596092778040963,5.974730360237247
Object 719,2.75937854357446,-0.5980158563190794
Object 720,1.8971289023273141,4.622514980391411
Object 721,-1.53696048509092,4.155889197291563
Object 722,2.9916660649853375,0.3720230668359972
Object 723,3.3830502173908608,0.7963821737205374
Object 724,-1.5626467467700789,3.253898003995115
Object 725,1.709018073785568,0.10302733886643811
Object 726,0.004028337806919247,3.0103299968029313
Object 727,2.2948502812892695,0.5278624936341336
Object 728,1.7373078036934886,4.425462343941218
Object 729,-2.3590900473719674,3.0902214005623114
Object 730,0.8452160670050828,5.436867207008111
Object 731,1.0484357691338941,2.5792403762052647
Object 732,1.848322810875587,0.2195681991516899
Object 733,-0.18887976223686143,5.2046138144025775
Object 734,2.164299870898797,4.6207299393732395
Object 735,-1.6819398213402312,2.9839425231196155
Object 736,1.5661498992810146,3.9399285174776
Object 737,0.10547292936461328,3.7249376626839745
Object 738,1.9081184526607986,4.643752311249652
Object 739,2.5533199261157344,0.8714714225936864
Object 740,1.2749631149313385,1.1687764563846517
Object 741,-0.5741592665369859,4.721106148480225
Object 742,1.4700118558956836,4.187683388414023
Object 743,-2.4980746780462963,4.34419912212015
Object 744,2.2951346273281565,1.05662233406358
Object 745,2.562506472542493,0.7814339595507878
Object 746,-2.0557738667780208,3.0915941143201464
Object 747,-2.0101535557010126,2.920453443764633
Object 748,2.5034628058561905,2.5938452327660975
Object 749,-3.111377576372841,3.762336567937709
Object 750,1.1578665945310473,2.210134027078933
Object 751,0.8657806734805672,2.6430875155791265
Object 752,-0.17991235327541766,5.084985429158383
Object 753,2.6579751778622076,0.30301389021753145
Object 754,3.067109954427067,0.23971261517676823
Object 755,2.215928711252651,-0.054981292877450905
Object 756,0.8858880712695483,5.671384567255103
Object 757,2.24671839345679,1.7781748591150475
Object 758,1.1224784799264396,2.1409830443930917
Object 759,1.5225647294533236,1.988413394372437
Object 760,1.3310277716597132,4.920673881841669
Object 761,1.358940867571795,0.60726655913407
Object 762,2.2065607592742156,5.506167176232801
Object 763,-1.8590062905707305,2.196450965761367
Object 764,-2.4227197736327324,3.466210391831103
Object 765,4.172058542916553,-0.7132147435119969
Object 766,1.2175894795249327,0.3064805561735071
Object 767,-1.9300923200714388,3.8672877851263414
Object 768,-2.366033416064119,3.9080036452123164
Object 769,0.11504439349179252,6.213852280547424
Object 770,2.5236527557099295,2.63354265762365
Object 771,1.6493257942443944,1.6220321648079012
Object 772,3.1366435558910677,0.26628767148854804
Object 773,-0.7581333688224304,2.496554674008442
Object 774,1.3753164241866251,1.5311945710217398
Object 775,2.29008904738161,3.0298170705083804
Object 776,-1.040136549253265,3.7643326940738886
Object 777,2.2826602965540066,-0.11907498867183208
Object 778,1.6527308109081182,3.9217783718705697
Object 779,-1.488786013042505,2.338964121389915
Object 780,-1.4817381572830743,4.777228595184751
Object 781,1.2629808596267331,0.36605775192648193
Object 782,2.991713247263994,0.8625684830682665
Object 783,2.89921210502688,5.784302118882814
Object 784,-0.5183067263618018,3.4454796441074387
Object 785,-3.182248051531583,3.071526722148789
Object 786,1.762598040655471,3.837368230712447
Object 787,1.547749919775521,-0.15421644261373713
Object 788,-2.5175749438490547,1.9152136739633319
Object 789,-0.9867809868214114,5.208349331863662
Object 790,0.7536643975981746,3.3907081094065936
Object 791,2.9187871798141924,0.09290991930006753
Object 792,-0.46787675877993906,1.8953178700724371
Object 793,0.9089944696235133,2.985391457803656
Object 794,-3.324068628617524,2.115629089602312
Object 795,-0.960358697403693,3.064186707334167
Object 796,-0.5149875141591105,4.743179028712927
Object 797,-1.897068177735608,1.9586268686925346
Object 798,1.2626137674387747,4.912631161923841
Object 799,-2.0588978226330674,1.96162383890084
Object 800,-2.4949861308864834,3.394950353689988
Object 801,-0.24709199259388348,2.03191577929217
Object 802,2.385844277707252,1.8469101334961726
Object 803,1.6683966745822314,0.3873709203043083
Object 804,3.070932802974979,1.598705001103034
Object 805,1.350346168925433,1.5776385041830392
Object 806,-2.3236793195282064,4.465949062711862
Object 807,-1.1365390697132831,4.506412952430655
Object 808,0.46661789679484156,3.8657130258372034
Object 809,0.6055660753260417,3.358171531892099
Object 810,-0.55815962011076,2.187525165775163
Object 811,0.17286041437265398,3.6142375496981893
Object 812,0.28897104138983154,4.186312781030279
Object 813,2.0726169242122934,4.069571526103854
Object 814,3.4886200243148697,1.3160616712471294
Object 815,1.5813901626286617,5.199343312999714
Object 816,3.6868649489651495,1.2754228296686547
Object 817,-1.495636466194336,2.8257701466411667
Object 818,0.9201370580977379,4.3024022847132946
Object 819,2.5606544600102206,1.2569128164513932
Object 820,-0.8609368671523676,0.3833277992488928
Object 821,-0.3559415760480067,2.3351626376623695
Object 822,-0.7177237163687427,1.7197893811420846
Object 823,0.32397647861147594,3.782598015147279
Object 824,-1.5886473146798064,2.4710460076705014
Object 825,2.4908136807285315,0.29843938247821744
Object 826,-1.5254330129764946,2.1511774067962226
Object 827,2.0858693457713957,0.8280220814910013
Object 828,2.010679965028013,3.3075746870773237
Object 829,2.0059434512853054,1.1366972611847017
Object 830,0.6011229618852112,3.077591135665371
Object 831,0.4587510360360918,3.32495746808962
Object 832,0.40695802507630996,4.573691682389152
Object 833,0.6954867959290643,0.8562628483799695
Object 834,-1.5554328830563218,2.593151996250163
Object 835,-0.12538059721665995,3.0763161081186543
Object 836,2.1427989923545487,1.836410535620247
Object 837,2.5575957615076574,0.03539666018470011
Object 838,1.3326364757208968,5.010360495640338
Object 839,2.11043887621311,1.1966411160569543
Object 840,2.422812417455147,1.0879752175318766
Object 841,3.209451551926897,1.0701680764308028
Object 842,3.8102536751749367,0.7646752376283449
Object 843,2.787691531187754,0.5224412591772641
Object 844,1.9932143956345438,2.1568307895487506
Object 845,4.376067360713176,1.0147545320933788
Object 846,-1.4593871560475806,3.6954863992360347
Object 847,1.7636255350810335,-0.8433591484209646
Object 848,-0.40962054753371513,1.3539776264933565
Object 849,1.040441613698437,0.2953318063550747
Object 850,-3.6849725771831623,4.236433279423959
Object 851,-2.384606636268799,3.0533369245231032
Object 852,1.5199973569000336,0.9230688683229529
Object 853,-0.4702646210168928,5.1040852767884175
Object 854,4.5524679130198855,-1.3476579884334652
Object 855,-1.4868325566741298,2.590127344036706
Object 856,0.0319015877222012,4.541890475280702
Object 857,0.07336380552685373,2.729047481115339
Object 858,-0.8667994716101535,3.8258133234079033
Object 859,-1.187844757279475,2.328250219382093
Object 860,0.8186030623826792,6.560510824746599
Object 861,-1.7106597434718975,3.7425004809715903
Object 862,2.1004015368648883,3.237288465957995
Object 863,-3.335047939720157,3.3292165042307316
Object 864,-0.009240659137655594,2.8319523199848033
Object 865,-1.5136642455543718,2.7959373337328457
Object 866,0.19364092271896993,4.193398028421503
Object 867,2.4645222723420948,6.199676503478973
Object 868,-2.5843776610234355,2.3618972294541556
Object 869,-2.7397718294309303,3.201651815716468
Object 870,2.6671947141640358,-0.4438330656451057
Object 871,-1.0332599256970414,3.4048975873135023
Object 872,-0.5275291115370666,-0.2562867037140726
Object 873,2.9790640817468246,0.7650956452842188
Object 874,1.1173872902814264,1.3307716130892806
Object 875,-1.5015184088154463,3.5282740256385354
Object 876,-0.4868177681682022,3.0825260708595206
Object 877,2.8679415635419203,1.4849230393377628
Object 878,3.077058107021551,0.34512298652120765
Object 879,0.8461631243527911,4.397740556833959
Object 880,2.843829038973065,5.209831985723775
Object 881,2.0763295427749417,0.9971181169686486
Object 882,3.9603311619928956,0.882886440278092
Object 883,0.06085751052346211,2.2746246595443838
Object 884,0.37995604009598694,4.2512200311788435
Object 885,1.3590025085587631,4.269545046916436
Object 886,3.0158247458901064,1.123504138540627
Object 887,-1.8090998899123405,1.759679076149094
Object 888,2.115162204549154,0.6851406151676276
Object 889,0.2922591808092785,5.9633381236382625
Object 890,-1.9580003507326624,3.4906336281903387
Object 891,1.707305665512032,-0.4557251982097765
Object 892,-2.0071530482168307,3.8539898114428204
Object 893,-3.7058355334168147,2.2882318343929415
Object 894,-1.1183329926596497,4.427509241681896
Object 895,0.6671556337747863,4.070320665904697
Object 896,1.1429435739190241,4.938818764340496
Object 897,1.742933260191581,4.660080144920679
Object 898,3.703771531701057,-0.652350529420211
Object 899,0.6442609360962606,3.5799565503328292
Object 900,1.6678088296166815,4.998536471104396
Object 901,0.46546494097762203,3.123155143325978
Object 902,1.6329526973076072,1.002377689371221
Object 903,2.8197649744664117,0.6292909247285556
Object 904,0.5207375750291519,4.321266486473447
Object 905,1.2069469986276453,0.5719941911177626
Object 906,-1.6318837142408589,4.2852972437932815
Object 907,-0.7560670528169687,3.1610504767356145
Object 908,0.8433895009595395,4.005996448046662
Object 909,-2.9788095426536527,3.300085049118416
Object 910,1.256711783862791,3.3106637165188095
Object 911,1.556250883438695,0.9190148837814854
Object 912,-2.907334765529175,2.381967699666961
Object 913,2.363598767392223,-0.4804198071261403
Object 914,-0.09448254296404746,5.358239054379527
Object 915,1.5547915762753735,4.653441784441564
Object 916,-0.6955529552371371,3.405854943996127
Object 917,0.6088464574495493,0.44531338436884516
Object 918,0.6647175464191224,4.359952669678135
Object 919,-4.329106811613618,1.7294578397501035
Object 920,2.996185136007991,1.3028677402608249
Object 921,0.163123796502041,2.577504725116713
Object 922,1.856868624612832,0.9918559602480834
Object 923,0.5370805567443471,4.4851257566662115
Object 924,0.23151525649805516,3.4773487887893757
Object 925,2.496264939312268,6.023376634864585
Object 926,0.058265308727449616,4.556283954525262
Object 927,1.6902123048866202,-0.8936638881032468
Object 928,1.441932518276955,2.7675436411711662
Object 929,-1.4282365594061097,3.11506331653049
Object 930,1.2377744238166515,-0.5036836331013737
Object 931,-1.3372014011419096,4.620452413574914
Object 932,2.4895981611197002,4.856919391655974
Object 933,3.7245183278098466,1.1996528702954898
Object 934,-1.2421134140875423,2.6085046684497613
Object 935,1.4426417825579423,0.07483533564365508
Object 936,0.7565807992697877,2.1737390059441246
Object 937,2.239193015773188,0.5121738995623286
Object 938,2.326437706070189,0.09616677454356204
Object 939,1.5057689751288377,-0.20090706761739274
Object 940,1.3786117197240442,3.618977236508077
Object 941,0.9480878502078401,4.7321191979788075
Object 942,-3.0365656192902044,2.640490869590013
Object 943,-0.74962704945395,2.626840798060097
Object 944,-1.587266507614244,2.2068416645420115
Object 945,2.1601746865183906,1.0315765825534127
Object 946,1.881803624359999,0.3876341201823199
Object 947,2.019499449572657,3.278409011157687
Object 948,-0.6539282684195495,4.7665695829741646
Object 949,-0.6763733296984672,2.078758070733849
Object 950,1.3973414288960826,1.8665462985009875
Object 951,0.37561252088870656,5.856030507496951
Object 952,-0.9676050318310211,1.854186670307575
Object 953,-2.6363815668580504,2.370364160653691
Object 954,-1.630116764683613,1.8664918626730582
Object 955,3.1002908969355687,1.496703186314121
Object 956,0.7082667075951147,5.106243723244785
Object 957,3.45981303637259,1.0441044304161866
Object 958,-0.650177239531453,1.0909708830286051
Object 959,-1.575248637001725,2.309781004381433
Object 960,-1.5426832303429006,2.4261521533195953
Object 961,-1.385097374068451,4.751317623148801
Object 962,-0.06898328760045969,5.514932617131091
Object 963,-2.0071460549601285,2.3946313179482277
Object 964,1.0097429643634122,-0.1871923995235083
Object 965,1.1327766165118707,4.535968363648665
Object 966,-0.6268497704578331,4.72012449112367
Object 967,1.8992436304355906,1.9467568478579471
Object 968,3.040585030372745,1.664583329599136
Object 969,2.1544723839643805,2.4739626325656543
Object 970,2.2808491850016814,2.2868089756158643
Object 971,1.8855092275303924,0.7635308771695167
Object 972,1.0226244195407483,0.46091532247992945
Object 973,1.218388039531618,3.415067070094759
Object 974,2.2702331120589716,0.9948828919408549
Object 975,1.3055771767299813,0.9304724075516486
Object 976,3.3226791762515346,1.3971618934065964
Object 977,3.5446234835073582,1.4189674082136505
Object 978,-1.4993943111920696,5.149898650858301
Object 979,2.461683015109084,0.7044869583880969
Object 980,-1.6259123245059828,1.8672284247456332
Object 981,-0.6096824711060493,2.8608393936709344
Object 982,-3.009787370795948,1.6084701150021086
Object 983,-0.3170538868116004,1.511777489942112
Object 984,-2.4465547032845674,5.5608179823478645
Object 985,-3.356932563649716,2.2220471419835754
Object 986,2.9856760175439945,0.7223472576109169
Object 987,-2.8397536877716973,4.332756397255546
Object 988,0.7567290502152818,3.2197507067764555
Object 989,-1.8606949735754696,2.8977531574555853
Object 990,1.9805995431817283,1.156380100167683
Object 991,0.6086896313969836,-0.6850219818648522
Object 992,-0.5432678174327259,2.832267307102626
Object 993,0.43985995871283445,2.721648296389581
Object 994,0.6262157793486773,3.3861871690227145
Object 995,-1.4442929810657044,2.0963477443135954
Object 996,1.9535702468780063,0.916943044451014
Object 997,-0.6819084102210682,2.2422884337030595
Object 998,0.4123022279022688,0.4915918636781049
Object 999,-2.532940871142297,2.09633243572999
Object 1000,1.1077789265259983,1.1421071158995695
